parachute_id,actual,predicted
3956,opens,opens
2147,opens,opens
2024,opens,opens
8325,opens,opens
6598,opens,opens
4318,opens,opens
2964,opens,opens
1557,opens,opens
5974,opens,opens
2330,opens,opens
1698,opens,opens
3891,opens,opens
7533,opens,opens
4001,opens,opens
5719,opens,opens
2505,opens,opens
1655,opens,opens
2174,opens,opens
8166,opens,opens
2449,opens,opens
1777,opens,opens
1266,opens,opens
3486,opens,opens
4216,opens,opens
5055,opens,opens
1325,opens,opens
2938,opens,opens
8647,opens,opens
8465,opens,opens
7914,opens,opens
7247,opens,opens
6873,opens,opens
4067,opens,opens
7137,opens,opens
3485,opens,opens
8646,opens,opens
1318,opens,opens
2165,opens,opens
8396,opens,opens
6082,opens,opens
3422,opens,opens
6947,opens,opens
1010,opens,opens
3873,opens,opens
6818,opens,opens
6785,opens,opens
2629,opens,opens
5301,opens,opens
2735,opens,opens
5258,opens,opens
5339,opens,opens
1380,opens,opens
4872,opens,opens
1115,opens,opens
1987,opens,opens
6590,opens,opens
8932,opens,opens
7873,opens,opens
2534,opens,opens
8786,opens,opens
5266,opens,opens
6439,opens,opens
4865,opens,opens
1566,opens,opens
5656,opens,opens
7613,opens,opens
8448,opens,opens
4175,opens,opens
3904,opens,opens
3685,opens,opens
3230,opens,opens
5232,opens,opens
2605,opens,opens
7917,opens,opens
8409,opens,opens
1181,opens,opens
8349,opens,opens
3716,opens,fails
8041,opens,opens
6232,opens,opens
8610,opens,opens
5535,opens,opens
1726,opens,opens
7709,opens,opens
5068,opens,opens
8397,opens,opens
1926,opens,opens
8007,opens,opens
7845,opens,opens
4424,opens,opens
3011,opens,opens
2315,opens,opens
2664,opens,opens
7818,opens,opens
5016,opens,opens
2490,opens,opens
3386,opens,opens
5391,opens,opens
6899,opens,opens
3167,opens,opens
7815,opens,opens
3160,opens,opens
2817,opens,opens
5019,opens,opens
6501,opens,opens
4688,opens,opens
1334,opens,opens
5358,opens,opens
3614,opens,opens
1866,opens,opens
3789,opens,opens
3047,opens,opens
7116,opens,fails
6553,opens,opens
1404,opens,opens
4742,opens,opens
1504,opens,opens
7719,opens,opens
2059,opens,opens
3253,opens,opens
5454,opens,opens
6493,opens,opens
3580,opens,opens
7824,opens,opens
1671,opens,opens
1949,opens,opens
7294,opens,opens
3116,opens,opens
7506,opens,opens
1239,opens,opens
7868,opens,opens
7853,opens,opens
4050,opens,opens
5110,opens,opens
2338,opens,opens
3216,opens,opens
2790,opens,opens
7606,opens,opens
7317,opens,opens
8969,opens,opens
3933,opens,opens
1167,opens,opens
3051,opens,opens
5578,opens,opens
7184,opens,opens
1903,opens,opens
6063,opens,opens
8949,opens,opens
6304,opens,opens
3768,opens,opens
3474,opens,opens
8000,opens,opens
1741,opens,opens
4311,opens,opens
6693,opens,opens
1342,opens,opens
4499,opens,opens
8111,opens,opens
6274,opens,opens
6087,opens,opens
2392,opens,opens
4253,opens,opens
6292,opens,opens
6800,opens,opens
1951,opens,opens
5463,opens,opens
6568,opens,opens
5481,opens,opens
8761,opens,opens
3949,opens,opens
7353,opens,opens
3696,opens,opens
1105,opens,opens
3114,opens,opens
5732,opens,opens
3220,opens,opens
4127,opens,opens
5557,opens,opens
1830,opens,opens
3296,opens,opens
5909,opens,opens
7937,opens,opens
7855,opens,opens
4899,opens,opens
8554,opens,opens
7764,opens,opens
8955,opens,opens
6691,opens,opens
1011,opens,opens
7186,opens,opens
8426,opens,opens
4724,opens,opens
7389,opens,opens
1008,opens,opens
8536,opens,opens
7687,opens,opens
1907,opens,opens
1523,opens,opens
7756,opens,opens
3233,opens,opens
6398,opens,opens
6185,opens,opens
4747,opens,opens
6100,opens,opens
8597,opens,opens
1442,opens,opens
7916,opens,opens
4199,opens,opens
3119,opens,opens
5561,opens,opens
8525,opens,opens
3256,opens,opens
4390,opens,opens
5212,opens,opens
4624,opens,opens
3520,opens,fails
8553,opens,opens
7664,opens,opens
2464,opens,opens
5665,opens,opens
6429,opens,opens
1441,fails,fails
4353,opens,opens
1454,opens,opens
4013,opens,opens
2624,opens,opens
5052,opens,opens
1966,opens,opens
3859,opens,opens
6794,opens,opens
2864,opens,opens
3122,opens,opens
8305,opens,opens
2411,opens,opens
5144,opens,opens
3081,opens,opens
4934,opens,opens
5920,opens,opens
4767,opens,opens
5179,opens,opens
1194,opens,opens
2044,opens,opens
4961,opens,opens
3322,opens,opens
3300,opens,fails
2258,opens,opens
2462,opens,opens
7977,opens,opens
7740,opens,opens
4965,opens,opens
5349,opens,opens
2448,opens,opens
2081,opens,opens
6708,opens,opens
8988,opens,opens
6303,opens,opens
8531,opens,opens
7024,opens,opens
1841,opens,opens
6725,opens,opens
4692,opens,opens
1953,opens,opens
6187,opens,opens
3954,opens,opens
8711,opens,opens
6879,opens,opens
6212,opens,opens
1142,opens,opens
5158,opens,opens
2116,opens,opens
3973,opens,opens
4404,opens,opens
3564,opens,opens
2729,opens,opens
5070,opens,opens
6829,opens,opens
7053,opens,opens
7123,opens,opens
2104,opens,opens
5025,opens,opens
8834,opens,opens
4148,opens,opens
7714,opens,opens
3395,opens,opens
1447,opens,opens
5718,opens,opens
3132,opens,opens
3198,opens,opens
8146,opens,fails
7861,opens,opens
1892,opens,opens
4385,opens,opens
1684,opens,opens
3177,opens,opens
7258,opens,opens
4313,opens,opens
5522,opens,fails
7185,opens,opens
1410,opens,opens
2069,opens,opens
1322,opens,opens
1779,opens,opens
4986,opens,opens
4251,opens,opens
4371,opens,opens
4252,opens,opens
5162,opens,opens
1529,opens,opens
6688,opens,opens
2792,opens,opens
7114,opens,opens
2445,opens,opens
2973,opens,opens
8183,opens,opens
5008,opens,opens
5280,opens,opens
2091,opens,opens
3840,opens,opens
3308,opens,opens
8095,opens,opens
2319,opens,opens
5401,opens,fails
4520,opens,opens
6833,opens,opens
8609,opens,opens
7933,opens,opens
6430,opens,opens
6562,opens,opens
6173,opens,fails
8635,opens,opens
5648,opens,opens
4389,opens,opens
8903,opens,fails
2403,opens,opens
3804,opens,opens
4863,opens,opens
5861,opens,opens
6447,opens,opens
7221,opens,opens
6763,opens,opens
3548,opens,opens
1306,opens,opens
1298,opens,opens
2262,opens,opens
3597,opens,opens
2400,opens,opens
8820,opens,opens
3782,opens,opens
2741,opens,opens
6134,opens,opens
5412,opens,opens
3997,opens,opens
7244,opens,opens
7394,opens,opens
3464,opens,opens
7884,opens,opens
8516,opens,opens
2972,opens,opens
5573,opens,opens
3192,opens,fails
4812,opens,opens
4596,opens,opens
5895,opens,opens
1158,opens,opens
5267,opens,opens
2970,opens,opens
5277,opens,opens
8134,opens,fails
3339,opens,opens
6919,opens,opens
7161,opens,opens
5530,opens,opens
6712,opens,opens
7253,opens,opens
2951,opens,opens
5327,opens,opens
6718,opens,opens
2211,opens,opens
8530,opens,opens
5490,opens,opens
7011,opens,opens
8190,opens,opens
4365,opens,opens
1962,opens,opens
3446,opens,opens
3727,opens,opens
1831,opens,opens
5791,opens,opens
5400,opens,opens
1450,opens,opens
4413,opens,opens
2254,opens,opens
2173,opens,opens
3845,opens,opens
4484,opens,opens
5617,opens,opens
6026,opens,opens
4378,opens,opens
6386,opens,opens
5035,opens,opens
6283,opens,opens
3881,opens,opens
4329,opens,opens
8661,opens,opens
2265,opens,opens
7008,opens,opens
4880,opens,opens
8747,opens,opens
6039,opens,opens
3171,opens,opens
8514,opens,opens
5385,opens,opens
1242,opens,opens
3285,opens,opens
6375,opens,opens
3966,opens,opens
4295,opens,fails
5439,opens,opens
1076,opens,opens
5180,opens,opens
6663,opens,fails
6975,opens,opens
3185,opens,opens
3863,opens,opens
6442,opens,opens
7518,opens,opens
6000,opens,opens
4816,opens,opens
1973,opens,opens
3030,opens,opens
3616,opens,opens
7327,opens,opens
1528,opens,opens
3700,opens,opens
2368,opens,opens
3825,opens,opens
5501,opens,opens
7241,opens,opens
3480,opens,opens
3104,opens,opens
6086,opens,opens
3533,opens,opens
4511,opens,opens
3928,opens,opens
6838,opens,opens
1085,opens,opens
6633,opens,opens
4541,opens,opens
4312,opens,opens
8909,opens,opens
4505,opens,opens
8897,opens,opens
1488,fails,fails
3470,opens,opens
8196,opens,opens
1470,opens,opens
6622,opens,opens
2651,opens,opens
2876,opens,opens
5140,opens,opens
1721,opens,opens
5526,opens,opens
1649,opens,opens
5469,opens,fails
4743,opens,opens
1895,opens,opens
8727,opens,opens
1850,opens,opens
7688,opens,opens
8416,opens,opens
3658,opens,opens
6414,opens,opens
8033,opens,opens
1708,opens,opens
8527,opens,opens
1798,opens,opens
3140,opens,opens
6472,opens,opens
8315,opens,opens
5590,opens,opens
6532,opens,opens
6219,opens,opens
7476,opens,opens
8149,opens,opens
4030,opens,opens
7086,opens,opens
8195,opens,opens
6635,opens,opens
4581,opens,opens
3920,opens,opens
2716,opens,opens
2033,opens,opens
7412,opens,opens
5581,opens,opens
4181,opens,opens
4447,opens,opens
1762,opens,opens
4592,opens,opens
7590,opens,opens
1323,opens,opens
1661,opens,opens
3516,opens,opens
3801,fails,fails
8899,opens,opens
3161,opens,opens
6503,opens,fails
2696,opens,opens
1237,opens,opens
6983,opens,opens
2796,opens,opens
3003,opens,opens
4242,opens,opens
2263,opens,opens
6851,opens,opens
6293,opens,opens
7267,opens,opens
2601,opens,opens
2050,opens,fails
4580,opens,opens
3466,opens,opens
1611,opens,opens
5252,opens,opens
2364,opens,opens
5547,opens,opens
4196,opens,opens
5492,opens,opens
5574,opens,opens
6036,opens,opens
1638,opens,opens
8048,opens,opens
3947,opens,opens
6960,opens,opens
2666,opens,opens
4254,opens,opens
4701,opens,opens
3552,opens,opens
8596,opens,opens
8012,opens,opens
2238,opens,opens
5724,opens,opens
4434,opens,opens
1851,opens,opens
5605,opens,opens
5929,opens,opens
3761,opens,opens
8127,opens,opens
5051,opens,opens
4507,opens,fails
3334,opens,opens
4630,opens,opens
3968,opens,opens
3247,opens,opens
4790,opens,opens
2226,opens,opens
8016,opens,opens
3197,opens,opens
4941,opens,opens
6510,opens,opens
1048,opens,opens
2902,opens,opens
5736,opens,opens
2702,opens,opens
7828,opens,opens
5918,opens,opens
5744,opens,opens
7711,opens,opens
6610,opens,opens
4570,opens,opens
8913,opens,opens
5933,opens,opens
5116,opens,opens
3918,opens,opens
3060,opens,opens
1229,opens,opens
1385,opens,opens
3983,opens,opens
3155,opens,opens
8904,opens,fails
3205,opens,opens
8242,opens,opens
1024,opens,opens
6550,opens,opens
5516,opens,opens
2968,opens,opens
4731,opens,opens
6381,opens,opens
8309,opens,opens
5926,opens,opens
1038,opens,opens
1652,opens,opens
3352,opens,opens
3028,opens,opens
3568,opens,opens
6216,opens,opens
5894,opens,opens
1400,opens,opens
2553,opens,opens
3740,opens,opens
3208,opens,opens
6047,opens,opens
6614,opens,opens
7346,opens,opens
5910,opens,opens
6450,opens,opens
1108,opens,opens
4728,opens,opens
5687,opens,opens
5761,opens,opens
2056,opens,opens
7969,opens,opens
4589,opens,opens
6206,opens,opens
7354,opens,opens
3457,opens,opens
3307,opens,opens
2616,opens,opens
5010,opens,opens
1482,opens,opens
4693,opens,opens
7795,opens,opens
1316,opens,opens
4573,opens,opens
5989,opens,opens
7552,opens,opens
5786,opens,opens
8329,opens,opens
1135,opens,opens
8721,opens,opens
4280,opens,opens
4885,opens,opens
2784,opens,opens
3025,opens,opens
4010,opens,opens
5204,opens,opens
8485,opens,opens
8857,opens,opens
1501,opens,opens
3499,opens,opens
3779,opens,opens
2588,opens,opens
8945,opens,opens
5334,opens,opens
8032,opens,opens
8808,opens,opens
8869,opens,opens
2592,opens,opens
8244,opens,opens
1263,opens,opens
5963,opens,opens
1692,opens,opens
3786,opens,opens
3567,opens,opens
5608,opens,opens
7765,opens,opens
2233,opens,opens
3527,opens,opens
7745,opens,opens
5579,opens,opens
3166,opens,opens
6083,opens,opens
4643,opens,opens
1426,opens,opens
7319,opens,opens
6778,opens,opens
8847,opens,opens
4163,opens,opens
1262,opens,opens
2422,opens,opens
1996,opens,opens
8184,opens,opens
8818,opens,opens
8249,opens,opens
8098,opens,opens
5063,opens,opens
6511,opens,opens
1788,opens,opens
4206,opens,opens
6756,opens,opens
8056,opens,opens
6577,opens,opens
3652,opens,opens
1860,opens,opens
7609,opens,opens
5748,opens,opens
8067,opens,opens
1269,opens,opens
3932,opens,fails
2383,opens,opens
8967,opens,opens
4671,opens,opens
8560,opens,opens
2497,opens,opens
3056,opens,opens
5416,opens,opens
6168,opens,opens
7276,opens,opens
2249,opens,opens
7775,opens,opens
7846,opens,opens
5691,opens,opens
5523,opens,opens
1985,opens,opens
5690,opens,opens
6977,opens,opens
1752,opens,opens
1120,opens,opens
5374,opens,opens
5511,opens,opens
7674,opens,fails
5569,opens,opens
6917,opens,opens
7187,opens,opens
8775,opens,opens
7193,opens,opens
4704,opens,opens
7094,opens,opens
6048,opens,opens
8600,opens,opens
4774,opens,fails
1644,opens,opens
8125,fails,fails
5881,opens,opens
6254,opens,opens
5899,opens,opens
5047,opens,opens
3033,opens,opens
6158,opens,opens
3587,opens,opens
7995,opens,opens
5279,opens,opens
8148,opens,opens
6655,opens,opens
2538,opens,opens
3426,opens,opens
3869,opens,opens
7972,opens,opens
7256,opens,opens
8706,opens,opens
1389,opens,opens
7325,opens,opens
3551,opens,opens
8226,opens,opens
1324,opens,opens
2630,opens,opens
6702,opens,opens
6869,opens,opens
8508,opens,opens
1099,opens,opens
5084,opens,opens
2042,opens,fails
3012,opens,opens
1665,opens,opens
5034,opens,opens
6434,opens,opens
3333,opens,opens
3234,opens,opens
7955,opens,opens
2164,opens,opens
3407,opens,opens
5241,opens,opens
2831,opens,opens
8371,opens,opens
1664,opens,opens
5688,opens,opens
8601,opens,opens
3864,opens,opens
1075,opens,opens
4497,opens,opens
4425,opens,opens
7799,opens,opens
7882,opens,opens
5967,opens,opens
1713,opens,opens
6787,opens,opens
3573,opens,opens
3078,opens,opens
1187,opens,opens
8882,opens,opens
2546,opens,opens
6488,opens,opens
3410,opens,opens
3828,opens,opens
1295,opens,opens
7461,opens,opens
1570,opens,fails
5621,opens,opens
6889,opens,opens
7608,opens,opens
6069,opens,opens
5418,opens,opens
6276,opens,opens
1212,opens,opens
7108,opens,opens
7724,opens,opens
8835,opens,opens
5159,opens,opens
6253,opens,opens
1604,opens,opens
8510,opens,opens
8053,opens,opens
2289,opens,opens
4522,opens,opens
6368,opens,opens
1388,opens,opens
2106,opens,opens
3100,opens,opens
7736,opens,opens
4804,opens,opens
3744,opens,opens
4078,opens,opens
2477,opens,opens
3732,opens,opens
1591,opens,opens
2799,opens,opens
5738,opens,opens
4441,opens,opens
5375,opens,opens
3946,opens,opens
8442,opens,opens
3668,opens,opens
8446,opens,opens
1479,opens,opens
5580,opens,opens
8937,opens,opens
7085,opens,opens
7769,opens,opens
2391,opens,opens
5226,opens,opens
8810,opens,opens
3682,opens,opens
1169,opens,opens
2931,opens,fails
6584,opens,opens
7673,opens,opens
1520,opens,opens
4698,opens,opens
1521,opens,opens
4257,opens,opens
4566,opens,opens
5940,opens,opens
7321,opens,opens
1999,opens,opens
6981,opens,opens
6265,opens,opens
3163,opens,opens
6243,opens,opens
7947,opens,opens
4628,opens,opens
5285,opens,opens
1824,opens,opens
4219,opens,opens
1260,opens,opens
1801,opens,opens
3471,opens,opens
2348,opens,opens
6028,opens,fails
1429,opens,opens
7563,opens,opens
2547,opens,opens
6884,opens,opens
6959,opens,opens
7421,opens,opens
6855,opens,opens
7723,opens,opens
2739,opens,opens
8669,opens,opens
5750,opens,opens
5683,opens,opens
4094,opens,opens
5912,opens,opens
4296,opens,opens
4826,opens,opens
4472,opens,opens
2634,opens,opens
3609,opens,opens
4298,opens,opens
6294,opens,opens
2980,opens,opens
5655,opens,fails
8130,opens,opens
8906,opens,opens
6961,opens,opens
8269,opens,opens
2861,opens,opens
4517,opens,opens
5451,opens,opens
1267,opens,opens
3507,opens,opens
8779,opens,fails
8109,opens,opens
4002,opens,opens
8726,opens,opens
2276,opens,opens
8838,opens,opens
4433,opens,opens
7655,opens,opens
2171,opens,opens
2098,opens,opens
5294,opens,opens
8634,opens,opens
4617,opens,opens
8774,opens,opens
1358,opens,opens
5550,opens,opens
5091,opens,opens
7858,opens,opens
7017,opens,opens
7654,opens,opens
1496,opens,opens
3877,opens,opens
1633,opens,opens
7401,opens,opens
7988,opens,opens
3194,opens,opens
5440,opens,opens
5813,opens,opens
4992,opens,opens
2126,opens,opens
4952,opens,opens
1070,opens,opens
5109,opens,opens
6974,opens,opens
4069,opens,opens
7670,opens,opens
5355,opens,opens
5986,opens,opens
7886,opens,opens
3170,opens,opens
8741,opens,opens
5488,opens,fails
7264,opens,opens
2805,opens,opens
6023,opens,opens
1146,opens,fails
3079,opens,opens
7223,opens,opens
8366,opens,opens
7451,opens,opens
1131,opens,opens
8187,opens,opens
4418,opens,opens
6653,opens,fails
7021,opens,opens
7334,opens,opens
7594,opens,opens
5106,opens,opens
5472,opens,opens
5586,opens,opens
2345,opens,opens
5994,opens,opens
5387,opens,opens
1006,opens,opens
3391,opens,opens
2082,opens,opens
5867,opens,opens
4837,opens,opens
1468,opens,opens
2286,opens,opens
5987,opens,opens
4202,opens,opens
7593,opens,opens
5455,opens,opens
5925,opens,fails
6247,opens,fails
8696,opens,opens
4293,opens,opens
7205,opens,opens
3806,opens,opens
5272,opens,opens
7414,opens,opens
5229,opens,opens
4794,opens,opens
6449,opens,opens
8682,opens,opens
3195,opens,opens
4753,opens,opens
8455,opens,opens
3175,opens,opens
2778,opens,opens
5774,opens,opens
8221,opens,opens
8101,opens,opens
1253,opens,opens
1616,opens,opens
1163,opens,opens
2783,opens,opens
3963,opens,opens
8781,opens,opens
8135,opens,opens
4320,opens,opens
7444,opens,opens
1375,opens,fails
5330,opens,opens
4825,opens,opens
6995,opens,opens
6824,opens,opens
5453,opens,opens
6640,opens,opens
8683,opens,opens
5538,opens,opens
2508,opens,opens
6600,opens,opens
1596,opens,opens
8952,opens,opens
5146,opens,opens
1518,opens,opens
2519,opens,opens
4795,opens,opens
2699,opens,opens
5415,opens,opens
7314,opens,opens
3902,opens,fails
3366,opens,opens
6802,opens,opens
2824,opens,opens
7497,opens,opens
1672,opens,opens
8699,opens,opens
7333,opens,opens
7300,opens,fails
4938,opens,opens
2862,opens,opens
5541,opens,opens
1685,opens,opens
5227,opens,opens
1754,opens,opens
5635,opens,opens
5923,opens,opens
8941,opens,opens
5136,opens,opens
7928,opens,opens
6494,opens,opens
4128,opens,opens
2113,opens,opens
1651,opens,opens
1847,opens,opens
3581,opens,opens
2675,opens,opens
2730,opens,opens
5260,opens,opens
2659,opens,opens
8065,opens,opens
2615,opens,opens
2899,opens,opens
7718,opens,opens
4493,opens,opens
3870,opens,opens
1113,opens,opens
3387,opens,opens
4751,opens,opens
3985,opens,opens
3737,opens,opens
2912,opens,opens
5195,opens,opens
5373,opens,opens
5508,opens,opens
5246,opens,opens
3344,opens,opens
6541,opens,opens
1461,opens,opens
8612,opens,opens
6736,opens,opens
7811,opens,fails
5549,opens,opens
4239,opens,opens
7696,opens,opens
1219,opens,opens
3210,opens,opens
5422,opens,opens
4346,opens,opens
3656,opens,opens
6946,opens,opens
1230,opens,opens
8014,opens,opens
6552,opens,opens
1319,opens,opens
3705,opens,opens
1543,opens,opens
5243,opens,opens
6190,opens,opens
2307,opens,opens
6920,opens,opens
3346,opens,opens
8880,opens,opens
8188,opens,opens
2614,opens,fails
4098,opens,opens
6509,opens,opens
2313,opens,opens
4895,opens,opens
7880,opens,opens
2967,opens,opens
6260,opens,opens
4462,opens,opens
4160,opens,opens
4092,opens,opens
2051,opens,opens
1272,opens,opens
6724,opens,opens
4591,opens,opens
3085,opens,opens
5855,opens,opens
8299,opens,opens
7999,opens,opens
3575,opens,opens
8312,opens,opens
1066,opens,opens
2565,opens,opens
7352,opens,opens
5645,opens,opens
7045,opens,opens
2438,opens,opens
4310,opens,opens
5563,opens,opens
3397,opens,opens
7289,opens,opens
7934,opens,opens
5274,opens,fails
8449,opens,opens
1538,opens,fails
6863,opens,opens
7595,opens,opens
3543,opens,opens
2136,opens,opens
7096,opens,opens
4463,opens,opens
2518,opens,opens
5670,opens,opens
3938,opens,opens
7794,opens,opens
6751,opens,opens
7130,opens,opens
2904,opens,opens
4172,opens,opens
7175,opens,opens
8064,opens,opens
5206,opens,opens
5049,opens,opens
8724,opens,opens
5441,opens,opens
3537,opens,opens
1089,opens,opens
5114,opens,opens
8707,opens,opens
7743,opens,opens
5168,opens,opens
1018,opens,opens
4556,opens,opens
6692,opens,opens
3169,opens,opens
5602,opens,opens
6416,opens,opens
3174,opens,opens
3570,opens,opens
5843,opens,opens
5156,opens,opens
1625,opens,opens
2873,opens,opens
5505,opens,opens
8827,opens,opens
5409,opens,opens
4290,opens,opens
3635,opens,opens
5931,opens,opens
7580,opens,opens
4597,opens,opens
8303,opens,opens
3048,opens,opens
7232,opens,opens
5785,opens,opens
7323,opens,opens
2361,opens,opens
2889,opens,opens
1587,opens,opens
6516,opens,opens
1257,opens,opens
6395,fails,fails
7667,opens,opens
5064,opens,opens
3728,opens,opens
2402,opens,fails
3393,opens,opens
6755,opens,opens
1376,opens,opens
5592,opens,opens
5879,opens,opens
7808,opens,opens
1287,opens,opens
5137,opens,opens
7056,opens,opens
3071,opens,opens
5457,opens,opens
4598,opens,opens
4540,opens,opens
5952,opens,opens
8606,opens,opens
1371,opens,opens
4622,opens,opens
6672,opens,opens
7706,opens,opens
1492,opens,opens
2656,opens,opens
1148,opens,opens
7467,opens,opens
1028,opens,opens
3304,opens,opens
6599,opens,opens
7942,opens,opens
5601,opens,opens
4936,opens,opens
4599,opens,opens
3381,opens,opens
6927,opens,opens
1564,opens,opens
5305,opens,opens
5698,opens,opens
8256,opens,opens
6483,opens,opens
8217,opens,opens
5124,opens,opens
8912,opens,opens
1490,opens,opens
4967,opens,opens
8139,opens,opens
3602,opens,opens
8415,opens,opens
7088,opens,opens
5800,opens,opens
3159,opens,opens
5143,opens,opens
3040,opens,opens
7075,opens,opens
2093,opens,opens
5634,opens,opens
6703,opens,opens
7337,opens,opens
7068,opens,opens
3080,opens,opens
6548,opens,opens
8453,opens,opens
8502,opens,opens
1606,opens,opens
3688,opens,opens
6495,opens,opens
2290,opens,opens
1813,opens,opens
7441,opens,opens
6803,opens,opens
2300,opens,opens
3099,opens,opens
7757,opens,opens
5041,opens,opens
2599,opens,opens
6650,opens,opens
5302,opens,opens
5559,opens,opens
2906,opens,opens
7379,opens,opens
7058,opens,opens
4189,opens,opens
5169,opens,opens
6407,opens,opens
7978,opens,opens
2441,opens,opens
4241,opens,opens
8314,opens,opens
6109,opens,opens
8318,fails,fails
5741,opens,opens
3451,opens,opens
3007,opens,opens
1954,opens,opens
1486,opens,opens
1184,opens,opens
4104,opens,fails
4060,opens,opens
2649,opens,opens
4627,opens,opens
3648,opens,opens
8735,opens,opens
4793,opens,fails
3636,opens,opens
2269,opens,opens
7051,opens,opens
2432,opens,opens
8961,opens,opens
4284,opens,fails
6367,opens,opens
3408,opens,opens
6399,opens,opens
5346,opens,opens
3572,opens,opens
1590,opens,opens
3508,opens,opens
5417,opens,opens
6186,opens,opens
1425,opens,opens
3903,opens,opens
2692,opens,opens
7576,opens,opens
6549,opens,opens
1878,opens,opens
2713,opens,opens
5639,opens,opens
5065,opens,opens
2029,opens,opens
2978,opens,opens
1220,opens,fails
4123,opens,opens
7296,opens,fails
4538,opens,opens
1200,opens,opens
5908,opens,opens
1415,opens,opens
7338,opens,opens
8803,opens,fails
4063,opens,opens
5467,opens,opens
4396,opens,opens
7781,opens,opens
3240,opens,opens
1083,opens,opens
7605,opens,opens
1508,opens,opens
1064,opens,opens
3254,opens,opens
4700,opens,opens
7171,opens,opens
4377,opens,opens
8506,opens,opens
7469,opens,opens
2241,opens,opens
5150,opens,opens
8784,opens,opens
8982,opens,opens
7115,opens,fails
6540,opens,opens
4898,opens,opens
7436,opens,opens
2870,opens,opens
7423,opens,fails
6866,opens,opens
1309,opens,fails
2743,opens,opens
7419,opens,fails
4785,opens,opens
7376,opens,opens
4457,opens,opens
8429,opens,opens
1530,opens,opens
5697,opens,opens
6696,opens,opens
5692,opens,opens
4966,opens,opens
3342,opens,opens
2848,opens,opens
6326,opens,opens
6898,opens,opens
3091,opens,opens
5583,opens,fails
4274,opens,opens
6937,opens,opens
4969,opens,opens
6533,opens,opens
7293,opens,opens
5721,opens,opens
7686,opens,opens
8029,opens,opens
4740,opens,opens
3880,opens,opens
5771,opens,opens
3832,opens,opens
8054,opens,opens
5211,opens,opens
3350,opens,opens
7351,opens,opens
7214,opens,opens
3309,opens,opens
8579,opens,opens
7560,opens,opens
8533,opens,opens
5695,opens,opens
4528,opens,opens
2149,opens,opens
5820,opens,opens
5817,opens,opens
6312,opens,opens
1308,opens,opens
2707,opens,opens
5901,opens,opens
2010,opens,opens
4227,opens,opens
2140,opens,opens
7488,opens,opens
5699,opens,opens
4886,opens,opens
5126,opens,opens
7216,opens,opens
6422,opens,opens
3576,opens,opens
1446,opens,opens
1031,opens,opens
8293,opens,opens
4530,opens,opens
6053,opens,opens
7588,opens,opens
7599,opens,opens
4186,opens,opens
8405,opens,opens
3038,opens,opens
3392,opens,opens
5244,opens,opens
5664,opens,opens
4036,opens,opens
5660,opens,opens
7442,opens,opens
5269,opens,fails
3351,opens,opens
4405,opens,opens
3361,opens,opens
8342,opens,opens
8907,opens,opens
2243,opens,opens
5685,opens,opens
6487,opens,opens
1510,opens,opens
5950,opens,opens
1880,opens,opens
3714,opens,opens
5924,opens,opens
6909,opens,opens
5598,opens,fails
1618,opens,opens
6315,opens,opens
8255,opens,opens
5715,opens,opens
7730,opens,opens
8902,opens,opens
1247,opens,opens
6242,opens,opens
6827,opens,opens
2261,opens,opens
6044,opens,opens
1627,opens,opens
2811,fails,fails
8132,opens,opens
3456,opens,opens
3492,opens,opens
1052,opens,opens
2485,opens,opens
2535,opens,opens
2057,opens,opens
6419,opens,opens
5798,opens,opens
6812,opens,fails
3103,opens,opens
2717,opens,opens
2418,opens,opens
7826,opens,opens
1294,opens,opens
6049,opens,fails
8121,opens,opens
4833,opens,opens
5897,opens,fails
6626,opens,opens
3468,fails,fails
5022,opens,opens
7665,opens,opens
5955,opens,opens
1766,opens,opens
4302,opens,opens
7522,opens,opens
3748,opens,opens
4448,opens,opens
5524,opens,opens
1756,opens,opens
4723,opens,opens
5411,opens,opens
7669,opens,opens
4095,opens,opens
1136,opens,opens
7434,opens,opens
2503,opens,opens
7125,opens,opens
6841,opens,opens
5059,opens,opens
2660,opens,opens
4082,opens,opens
5286,opens,opens
3842,opens,opens
7543,opens,opens
7519,opens,opens
2404,opens,opens
8289,opens,fails
5210,opens,opens
2562,opens,opens
5460,opens,opens
7266,opens,opens
8223,opens,opens
6667,opens,opens
5356,opens,opens
2021,opens,opens
2786,opens,opens
6075,opens,opens
8823,opens,opens
4229,opens,opens
4551,opens,opens
3865,opens,opens
6101,opens,opens
6387,opens,opens
2002,opens,opens
5982,opens,opens
1734,opens,opens
6654,opens,opens
4432,opens,opens
2551,opens,opens
2189,opens,opens
3518,opens,opens
5085,opens,opens
8719,opens,opens
8754,opens,opens
6418,opens,opens
1443,opens,opens
5102,opens,opens
2195,opens,opens
7228,opens,opens
6922,opens,opens
1234,opens,opens
8129,opens,opens
4004,opens,opens
5185,opens,opens
4090,opens,opens
1331,opens,opens
6617,opens,opens
6805,opens,opens
8363,opens,opens
6719,opens,opens
8671,opens,opens
1935,opens,opens
4051,opens,opens
5479,opens,opens
3526,opens,opens
6627,opens,opens
7503,opens,opens
1166,opens,opens
7572,opens,opens
1259,opens,opens
6322,opens,opens
3184,opens,opens
5054,opens,opens
4208,opens,opens
1395,opens,opens
7172,opens,opens
5029,opens,opens
6250,opens,opens
7128,opens,opens
8868,opens,opens
2851,opens,opens
6205,opens,opens
4995,opens,opens
4103,opens,opens
7750,opens,opens
4647,opens,fails
7071,opens,opens
3622,opens,opens
1761,opens,opens
4240,opens,opens
3998,opens,opens
7367,opens,opens
1440,opens,opens
7257,opens,opens
6597,opens,opens
5191,opens,opens
3000,opens,opens
2527,opens,opens
8198,opens,opens
6766,opens,opens
3777,opens,opens
3496,opens,opens
6203,opens,opens
7070,opens,opens
2295,opens,opens
2429,opens,opens
8663,opens,opens
2857,opens,fails
2896,opens,opens
7991,opens,opens
6762,opens,opens
8966,opens,opens
8867,opens,opens
7453,opens,opens
1001,opens,opens
3701,opens,opens
7948,opens,opens
3509,opens,opens
8072,opens,opens
2922,opens,opens
2679,opens,opens
6529,opens,opens
7275,opens,opens
8359,opens,opens
7109,opens,opens
2965,opens,opens
4694,opens,opens
1114,opens,opens
6090,opens,opens
4565,opens,opens
8227,opens,opens
3649,opens,opens
3123,opens,opens
1545,opens,opens
4864,opens,opens
2994,opens,opens
8846,opens,opens
4331,opens,opens
3844,opens,opens
6705,opens,opens
8915,opens,opens
1803,opens,opens
5352,opens,opens
4702,opens,opens
7112,opens,opens
7190,opens,opens
8728,opens,opens
4250,opens,opens
5857,opens,opens
1533,opens,opens
8879,opens,opens
1073,opens,opens
4238,opens,opens
6209,opens,opens
8066,opens,opens
2723,opens,opens
5797,opens,fails
5663,opens,opens
1036,opens,opens
7979,opens,opens
2834,opens,opens
3213,opens,opens
7958,opens,opens
5429,opens,opens
2607,opens,opens
6037,opens,opens
2207,opens,opens
3667,opens,opens
6534,opens,opens
3628,opens,opens
5934,opens,fails
1281,opens,opens
1264,opens,opens
8277,opens,opens
7387,opens,opens
7890,opens,opens
3368,opens,opens
5966,opens,opens
2883,opens,opens
8656,opens,opens
3187,opens,fails
4717,opens,opens
3353,opens,fails
1448,opens,opens
1326,opens,opens
1956,opens,opens
2762,opens,fails
3619,opens,opens
8998,opens,opens
6266,opens,opens
3811,opens,opens
2586,opens,fails
4939,opens,opens
3367,opens,opens
3158,opens,opens
2800,opens,opens
7278,opens,opens
3179,opens,opens
6405,opens,opens
2638,opens,opens
8356,opens,opens
5082,opens,opens
7592,opens,opens
8942,opens,opens
1780,opens,fails
6788,opens,opens
8925,opens,opens
2287,opens,opens
1137,opens,opens
1674,opens,opens
5011,opens,opens
4297,opens,opens
1982,opens,opens
3142,opens,opens
4653,opens,opens
2809,opens,opens
8159,opens,opens
3654,opens,opens
2841,opens,opens
8060,opens,opens
2789,opens,opens
8011,opens,opens
8591,opens,opens
1931,opens,opens
5213,opens,opens
8654,opens,opens
8345,opens,opens
1107,opens,opens
3115,opens,opens
6901,opens,opens
5612,opens,opens
1449,opens,opens
6428,opens,opens
3416,opens,opens
6151,opens,opens
6842,opens,opens
6774,opens,opens
5829,opens,opens
2302,opens,opens
8801,opens,opens
3372,opens,opens
4666,opens,opens
1193,opens,opens
1243,opens,opens
7288,opens,opens
2480,opens,opens
5083,opens,opens
4789,opens,opens
8534,opens,opens
7836,opens,opens
4171,opens,opens
7793,opens,opens
1546,opens,opens
4527,opens,fails
2502,opens,opens
4874,opens,opens
4183,opens,opens
3535,opens,opens
7099,opens,opens
7549,opens,opens
3606,opens,opens
5310,opens,opens
5678,opens,fails
3791,opens,opens
7909,opens,opens
1575,opens,fails
6238,opens,opens
1455,opens,opens
8567,opens,opens
8200,opens,opens
2087,opens,opens
8103,opens,opens
1424,opens,opens
2966,opens,opens
8581,opens,opens
5284,opens,opens
8168,opens,opens
3255,opens,opens
6565,opens,opens
8814,opens,opens
2594,opens,opens
5509,opens,opens
5161,opens,opens
3186,opens,opens
4291,opens,opens
7964,opens,opens
5045,opens,opens
3182,opens,opens
4915,opens,opens
8625,opens,opens
8061,opens,opens
8310,opens,opens
7028,opens,opens
5888,opens,opens
8744,opens,fails
6089,opens,opens
7304,opens,opens
6631,opens,opens
7126,opens,opens
3180,opens,opens
6032,opens,opens
7896,opens,opens
3978,opens,opens
1071,opens,opens
8480,opens,opens
3105,opens,opens
8008,opens,opens
2144,opens,opens
2192,opens,opens
4305,opens,opens
7715,opens,opens
8475,opens,opens
1299,opens,opens
6647,opens,opens
6441,opens,opens
1414,opens,opens
2013,opens,opens
4222,opens,opens
5325,opens,opens
4116,opens,opens
8498,opens,opens
8613,opens,opens
4040,opens,opens
1062,opens,opens
1712,opens,opens
4168,opens,opens
7343,opens,opens
7411,opens,opens
3015,opens,opens
5354,opens,opens
5977,opens,opens
5809,opens,opens
5802,opens,opens
2960,opens,opens
6056,opens,opens
6246,opens,opens
7286,opens,opens
3608,opens,opens
1050,opens,opens
6601,opens,opens
4333,opens,opens
3488,opens,opens
2274,opens,opens
6807,opens,opens
1561,opens,opens
3200,opens,opens
7648,opens,opens
6289,opens,opens
5465,opens,opens
7581,opens,opens
6457,opens,opens
7514,opens,opens
8102,opens,opens
7517,opens,opens
2185,opens,opens
1914,opens,opens
1233,opens,opens
2552,opens,opens
5071,opens,opens
5264,opens,opens
6835,opens,opens
4648,opens,opens
6012,opens,opens
8185,opens,opens
5913,opens,opens
4629,opens,opens
2802,opens,opens
6665,opens,opens
6840,opens,opens
7994,opens,opens
5714,opens,opens
2935,opens,opens
2523,opens,opens
4983,opens,opens
8140,opens,opens
2569,opens,opens
7167,opens,opens
4151,opens,opens
4336,opens,fails
3088,opens,opens
4501,opens,opens
6198,opens,opens
3445,opens,opens
7751,opens,opens
8133,opens,opens
3252,opens,fails
3162,opens,opens
1642,opens,opens
1862,opens,opens
1694,opens,opens
3242,opens,opens
4635,opens,opens
1284,opens,opens
5145,opens,opens
3558,opens,opens
2806,fails,fails
1792,opens,opens
7206,opens,opens
7666,opens,opens
3879,opens,opens
1844,opens,opens
8386,opens,opens
8291,opens,opens
7292,opens,opens
4322,opens,opens
2979,opens,opens
2753,opens,opens
4881,opens,opens
5426,opens,opens
8126,opens,fails
3023,opens,opens
7638,opens,opens
1537,opens,opens
6470,opens,opens
7752,opens,opens
4411,opens,opens
3513,opens,opens
3673,opens,opens
8080,opens,opens
8400,opens,opens
6874,opens,opens
3062,opens,opens
2308,opens,opens
8764,opens,opens
8709,opens,opens
1845,opens,opens
6616,opens,opens
1484,opens,opens
7653,opens,opens
5956,opens,opens
6446,opens,opens
4924,opens,opens
3243,opens,opens
2782,opens,opens
8543,opens,opens
8500,opens,opens
2143,opens,opens
4703,opens,opens
7427,opens,opens
3424,opens,opens
3914,opens,opens
4205,opens,opens
7931,opens,opens
4117,opens,opens
5296,opens,opens
8113,opens,opens
1277,opens,opens
8794,opens,opens
7069,opens,opens
7097,opens,opens
7837,opens,opens
8296,opens,opens
1859,opens,opens
5585,opens,opens
2759,opens,opens
5859,opens,opens
5781,opens,opens
2407,opens,opens
4901,opens,opens
5957,opens,opens
3164,opens,opens
3261,opens,opens
2672,opens,opens
3275,opens,opens
5730,opens,opens
2684,opens,opens
7974,opens,opens
3971,opens,opens
3799,opens,opens
5935,opens,opens
6945,opens,opens
4838,opens,opens
4906,opens,opens
2603,opens,opens
4814,opens,opens
3371,opens,opens
5949,opens,fails
3338,opens,opens
7107,opens,opens
2940,opens,opens
6757,opens,opens
5726,opens,opens
4854,opens,fails
1654,opens,opens
4800,opens,opens
3102,opens,opens
2812,opens,opens
1983,opens,opens
2199,opens,opens
3335,opens,opens
1826,opens,opens
1876,opens,opens
2291,opens,opens
6715,opens,opens
4682,opens,opens
4513,opens,opens
7735,opens,opens
4324,opens,opens
4947,opens,opens
3829,opens,opens
5433,opens,opens
7523,opens,opens
8817,opens,opens
4209,opens,opens
2124,opens,opens
1196,opens,opens
1288,opens,opens
3128,opens,opens
2734,opens,opens
1579,opens,opens
6760,opens,opens
8970,opens,opens
2135,opens,opens
7804,opens,opens
8701,opens,opens
8388,opens,fails
8983,opens,opens
1460,opens,opens
8497,opens,opens
6182,opens,opens
7761,opens,opens
8047,opens,opens
3760,opens,opens
1198,opens,opens
5712,opens,opens
6008,opens,opens
8050,opens,opens
7872,opens,opens
5518,opens,opens
7446,opens,opens
7036,opens,opens
8855,opens,opens
7965,opens,opens
1881,opens,opens
7901,opens,opens
1210,opens,opens
6285,opens,opens
8535,opens,opens
3013,opens,opens
6466,opens,opens
1032,opens,opens
7142,opens,opens
5819,opens,opens
8675,opens,opens
8174,opens,opens
4480,opens,opens
8204,opens,opens
3709,opens,opens
2863,opens,opens
5172,opens,opens
3139,opens,opens
1015,opens,opens
2052,opens,opens
4931,opens,opens
2886,opens,opens
6059,opens,opens
1865,opens,opens
6119,opens,opens
7359,opens,opens
1360,opens,opens
6132,opens,opens
4940,opens,opens
3026,opens,opens
8447,opens,opens
4414,opens,opens
8993,opens,opens
4547,opens,opens
8546,opens,opens
7493,opens,opens
5377,opens,opens
1369,opens,opens
5729,opens,opens
2119,opens,opens
4037,opens,opens
4553,opens,opens
3556,opens,opens
3915,opens,opens
4633,opens,opens
8851,opens,opens
5842,opens,opens
2882,opens,opens
4721,opens,fails
4099,opens,opens
7479,opens,opens
8074,opens,opens
6560,opens,opens
4005,opens,opens
3385,opens,fails
7272,opens,opens
6731,opens,opens
3382,opens,opens
3980,opens,opens
3143,opens,opens
3743,opens,opens
5576,opens,opens
3358,opens,opens
6645,opens,opens
7006,opens,opens
4955,opens,opens
5959,opens,opens
1908,opens,opens
8389,opens,fails
3783,opens,opens
4657,opens,opens
2376,opens,opens
3063,opens,opens
3986,opens,opens
1915,opens,opens
4749,opens,opens
4764,opens,opens
3290,opens,opens
3835,opens,opens
7095,opens,opens
2572,opens,opens
5024,opens,opens
8767,opens,opens
6077,opens,opens
6498,opens,opens
3380,opens,opens
2034,opens,opens
6528,opens,opens
1341,opens,opens
2023,opens,opens
4658,opens,opens
3624,opens,opens
4640,opens,opens
1979,opens,opens
6357,opens,opens
5255,opens,opens
2043,opens,opens
7684,opens,opens
4981,opens,opens
4690,opens,fails
5487,opens,opens
8829,opens,opens
1413,opens,opens
8674,opens,opens
4892,opens,opens
2590,opens,opens
7685,opens,opens
1550,opens,opens
8203,opens,opens
1670,opens,opens
8243,opens,opens
7039,opens,opens
4416,opens,opens
3834,opens,opens
1789,opens,opens
3284,opens,opens
5764,opens,opens
2357,opens,opens
3379,opens,opens
4307,opens,opens
2444,opens,opens
7561,opens,opens
4748,opens,opens
1836,opens,opens
7261,opens,opens
4348,opens,opens
8352,opens,opens
5898,opens,opens
4330,opens,opens
2749,opens,opens
4808,opens,opens
2105,opens,opens
1285,opens,opens
2689,opens,opens
7555,opens,opens
4822,opens,opens
1102,opens,opens
8718,opens,opens
7984,opens,opens
6152,opens,opens
1535,opens,opens
1265,opens,opens
7641,opens,opens
8313,opens,opens
5458,fails,fails
8181,opens,opens
3739,opens,opens
3061,opens,opens
7869,opens,opens
4443,opens,opens
4922,opens,opens
4783,opens,opens
3477,opens,opens
2856,opens,opens
8394,opens,opens
7817,opens,opens
6933,opens,opens
2521,opens,opens
5316,opens,opens
8995,opens,opens
2277,opens,opens
1386,opens,opens
3922,opens,opens
3223,opens,opens
6404,opens,opens
5826,opens,opens
8428,opens,opens
6074,opens,opens
3826,opens,opens
6191,opens,opens
4326,opens,opens
4755,opens,opens
2492,opens,opens
4023,opens,opens
1391,opens,opens
8666,opens,opens
3809,opens,opens
5758,opens,opens
8648,opens,opens
3736,opens,opens
8486,opens,opens
5880,opens,opens
5654,opens,opens
2397,opens,opens
2840,opens,opens
5007,opens,opens
6830,opens,opens
3642,opens,opens
3383,opens,opens
7568,opens,opens
8259,opens,opens
8192,opens,opens
6379,opens,opens
5379,opens,opens
3276,opens,opens
7474,opens,opens
8083,opens,opens
2725,opens,opens
5183,opens,opens
6681,opens,opens
1476,opens,opens
4869,opens,opens
7575,opens,opens
6391,opens,opens
1191,opens,opens
7110,opens,opens
4221,opens,opens
8250,opens,opens
2097,opens,opens
2350,opens,opens
6211,opens,opens
2818,opens,opens
1773,opens,opens
8145,opens,opens
8608,opens,opens
7416,opens,opens
1236,opens,opens
1248,opens,opens
5823,opens,opens
6099,opens,opens
1541,opens,opens
4025,opens,opens
3246,opens,opens
2804,opens,opens
1864,opens,opens
8594,opens,opens
7335,opens,opens
8883,opens,opens
8358,opens,opens
3506,opens,opens
3820,opens,opens
8382,opens,opens
1714,opens,opens
4482,opens,opens
5878,opens,opens
8738,opens,opens
8010,opens,opens
8099,opens,opens
5099,opens,opens
5018,opens,opens
7760,opens,opens
4909,opens,opens
5864,opens,opens
1693,opens,opens
8895,opens,opens
3929,opens,opens
4910,opens,opens
2999,opens,opens
6115,opens,opens
6424,opens,opens
5178,opens,opens
8935,opens,opens
2304,opens,opens
1208,opens,opens
7949,opens,opens
4605,opens,opens
8934,opens,opens
7465,opens,fails
7165,opens,opens
7284,opens,opens
1703,opens,opens
1588,opens,opens
8986,opens,opens
6010,opens,opens
2409,opens,opens
2337,opens,opens
4985,opens,opens
2347,opens,opens
6649,opens,opens
5839,opens,opens
1896,opens,opens
4982,opens,opens
8477,opens,opens
6402,opens,opens
7009,opens,opens
2000,opens,fails
7410,opens,opens
1659,opens,opens
1785,opens,fails
7821,opens,opens
3926,opens,opens
6714,opens,opens
3511,opens,opens
7859,opens,opens
8199,opens,opens
3545,opens,opens
7490,opens,opens
5166,opens,opens
4841,opens,opens
5731,opens,opens
8559,opens,opens
7215,opens,fails
3402,opens,opens
4964,opens,opens
1183,opens,opens
4450,opens,opens
8633,opens,fails
2278,opens,opens
1952,opens,opens
4943,opens,opens
6520,opens,opens
7035,opens,opens
6790,opens,opens
2285,opens,opens
5961,opens,opens
6507,opens,opens
5265,opens,opens
4572,opens,opens
8550,opens,opens
4083,opens,opens
1527,opens,opens
8253,opens,opens
5446,opens,opens
8307,opens,opens
1539,opens,opens
7785,opens,opens
8091,opens,opens
2453,opens,opens
4786,opens,opens
4466,opens,opens
5405,opens,opens
7571,fails,fails
2283,opens,opens
7923,opens,opens
5437,opens,opens
7598,opens,opens
2628,opens,opens
5197,opens,opens
1456,opens,opens
2591,opens,opens
2575,opens,opens
7077,opens,opens
6733,opens,opens
3856,opens,opens
8419,opens,opens
2990,opens,opens
2435,opens,opens
5434,opens,opens
7790,opens,opens
4911,opens,opens
8716,opens,opens
1729,opens,opens
3653,opens,opens
5667,opens,opens
5885,opens,opens
8471,fails,fails
6102,opens,opens
6615,opens,opens
2025,opens,opens
6169,opens,opens
1357,opens,opens
2807,opens,opens
5142,opens,opens
3218,opens,opens
7037,opens,opens
8336,opens,opens
3075,opens,opens
6272,opens,opens
2096,opens,fails
6317,opens,opens
8390,opens,opens
3710,opens,opens
8979,opens,opens
1857,opens,opens
6426,opens,opens
6366,opens,opens
4776,opens,opens
1093,opens,opens
5883,opens,opens
6699,opens,opens
5237,opens,opens
7274,opens,opens
3076,opens,opens
7993,opens,opens
4142,opens,opens
5254,opens,opens
4623,opens,opens
3634,opens,opens
6921,opens,opens
8824,opens,opens
1047,opens,opens
5044,opens,opens
8940,opens,opens
6701,opens,opens
8797,opens,opens
8210,opens,opens
1967,opens,opens
5788,opens,opens
3757,opens,opens
6674,opens,opens
4896,opens,opens
7672,opens,opens
8224,opens,opens
3722,opens,opens
5390,opens,opens
4467,opens,opens
6747,fails,fails
8878,opens,opens
8587,opens,opens
4542,opens,opens
6659,opens,opens
5984,opens,opens
1416,opens,opens
8117,opens,opens
7287,opens,opens
7862,opens,opens
4606,opens,fails
8351,opens,opens
8093,opens,opens
6103,opens,opens
1558,opens,opens
7263,opens,opens
2431,opens,opens
2386,opens,opens
3355,opens,opens
1499,opens,opens
2103,opens,opens
7626,opens,opens
6798,opens,opens
2221,opens,opens
8830,fails,fails
2017,opens,opens
3853,opens,opens
7355,opens,opens
8541,opens,opens
7399,opens,opens
5476,opens,opens
5090,opens,opens
8230,opens,opens
8308,opens,fails
3347,opens,opens
1774,opens,fails
3315,opens,opens
2495,opens,opens
5812,opens,opens
1130,opens,opens
7907,opens,opens
8165,opens,opens
2758,opens,opens
7448,opens,fails
5981,opens,opens
3327,opens,opens
3149,opens,opens
4590,opens,opens
6116,opens,opens
2095,opens,opens
7273,opens,opens
8705,opens,opens
6580,opens,opens
7482,opens,opens
5615,opens,opens
4903,opens,opens
3504,opens,opens
7026,opens,opens
3131,opens,opens
8138,opens,opens
7635,opens,opens
5139,opens,opens
8690,opens,opens
7830,opens,opens
7662,opens,opens
4223,opens,opens
8245,opens,opens
2257,opens,opens
7511,opens,opens
1370,opens,fails
8476,opens,opens
3305,opens,opens
6153,opens,opens
7072,opens,opens
6456,opens,opens
4047,opens,opens
8059,opens,opens
4758,opens,opens
5593,opens,opens
4549,opens,opens
1502,opens,opens
8886,opens,opens
6064,opens,opens
5001,opens,opens
4559,opens,opens
3226,opens,opens
4334,opens,opens
2958,opens,opens
1067,opens,opens
7680,opens,opens
7154,opens,opens
8758,opens,opens
3638,opens,opens
6126,opens,opens
8921,opens,opens
6581,opens,opens
7369,opens,opens
6968,opens,opens
7656,opens,opens
5276,opens,opens
7136,opens,opens
5846,opens,opens
8084,opens,opens
7198,opens,fails
4595,opens,opens
1144,opens,opens
2213,fails,fails
2425,opens,opens
7557,opens,opens
8473,opens,opens
3541,opens,opens
5351,opens,opens
2299,opens,opens
6932,opens,opens
1195,opens,fails
3406,opens,opens
4739,opens,opens
3907,opens,opens
1188,opens,fails
7822,opens,opens
6704,opens,opens
7843,opens,opens
5976,opens,opens
8392,fails,fails
1497,opens,opens
4398,opens,opens
1937,opens,opens
1875,opens,opens
7516,opens,opens
7392,opens,opens
4532,opens,fails
2182,opens,opens
7892,opens,opens
2740,opens,opens
8826,opens,opens
2270,opens,opens
7236,opens,fails
4258,opens,opens
4140,opens,opens
1506,opens,opens
4234,opens,opens
5832,opens,opens
5513,opens,opens
8089,opens,opens
7678,opens,opens
5464,opens,opens
6325,opens,opens
5360,opens,opens
1161,opens,opens
6602,opens,opens
3435,opens,opens
7260,opens,opens
2639,opens,opens
5868,opens,opens
4659,opens,opens
2151,opens,opens
2292,opens,opens
6128,opens,opens
4840,opens,opens
2014,opens,opens
3579,opens,fails
3323,opens,opens
5067,opens,opens
5328,opens,opens
7082,opens,opens
1602,opens,opens
6630,opens,opens
7939,opens,opens
7927,opens,opens
8708,opens,opens
8267,opens,opens
8787,opens,opens
5733,opens,opens
3669,opens,opens
8811,opens,opens
6330,opens,opens
5242,opens,opens
6792,opens,opens
7838,opens,opens
2761,opens,opens
7282,opens,opens
6183,opens,opens
2479,opens,opens
1636,opens,opens
1030,opens,opens
4979,opens,opens
3135,opens,opens
5742,opens,opens
6264,opens,opens
2408,opens,opens
2382,opens,opens
4829,opens,fails
5194,opens,opens
2859,opens,opens
3852,opens,opens
8657,opens,opens
2524,opens,opens
2178,opens,opens
5079,opens,opens
2747,opens,opens
5571,opens,opens
6224,opens,opens
1407,opens,opens
5876,opens,opens
4512,opens,opens
7456,opens,opens
4835,opens,opens
2558,opens,opens
8561,opens,opens
4445,opens,opens
6473,opens,opens
5558,opens,opens
6660,opens,opens
1902,opens,opens
7746,opens,opens
8927,opens,opens
3899,opens,opens
3286,opens,opens
7915,opens,opens
2585,opens,opens
7252,opens,opens
4248,opens,opens
4233,opens,opens
1345,opens,opens
3687,opens,opens
2132,opens,opens
8327,opens,opens
3643,opens,opens
1846,fails,fails
2279,opens,opens
5461,opens,opens
6936,opens,opens
4775,opens,opens
1297,opens,opens
3106,opens,opens
2475,opens,opens
8958,opens,opens
8954,opens,opens
2478,opens,opens
2506,opens,opens
6745,opens,opens
1894,fails,fails
8722,opens,opens
5960,opens,fails
8731,opens,opens
1702,opens,opens
3460,fails,fails
6117,opens,opens
5709,opens,opens
2595,opens,opens
4853,opens,opens
3645,opens,opens
7897,opens,opens
7564,opens,opens
4953,opens,opens
3802,opens,opens
1485,opens,opens
8611,opens,opens
6052,opens,opens
6314,opens,opens
4381,opens,opens
8605,opens,opens
3639,opens,opens
4984,opens,opens
6305,opens,opens
7060,opens,opens
8005,opens,opens
7677,opens,opens
2982,opens,fails
3289,opens,opens
1906,opens,opens
7368,opens,opens
8213,opens,opens
2138,opens,opens
2731,opens,opens
5734,opens,opens
2821,opens,opens
6413,opens,opens
2332,opens,opens
1823,opens,opens
6072,opens,opens
1832,opens,opens
3420,opens,opens
1330,opens,opens
4618,opens,opens
8300,opens,opens
2825,opens,opens
6837,opens,opens
3827,opens,opens
4632,opens,opens
5444,opens,opens
4056,opens,opens
3340,opens,opens
6817,opens,fails
8776,opens,opens
6881,opens,opens
1790,opens,opens
7014,opens,opens
1582,opens,fails
4007,opens,opens
8431,opens,opens
2645,opens,opens
5042,opens,opens
4746,opens,opens
6967,opens,opens
7164,opens,opens
5076,opens,fails
4711,opens,opens
3314,fails,fails
8404,opens,opens
8996,opens,opens
1174,opens,opens
5393,opens,opens
5875,opens,opens
7420,opens,fails
1794,opens,opens
7344,opens,opens
3762,opens,opens
6542,opens,opens
2952,opens,opens
8031,opens,opens
1735,opens,opens
2328,opens,opens
6113,opens,opens
8238,opens,opens
8809,opens,opens
4539,opens,opens
6605,opens,opens
7279,opens,opens
2092,opens,opens
3497,opens,opens
5445,opens,opens
4276,opens,fails
3525,opens,opens
2693,opens,opens
7471,opens,opens
4777,opens,opens
4015,opens,opens
2203,opens,opens
3989,opens,opens
6671,opens,opens
5825,opens,opens
6073,opens,opens
7052,fails,fails
8884,opens,opens
6408,opens,opens
3489,opens,opens
6821,opens,opens
8917,opens,opens
4823,opens,opens
5332,opens,opens
4537,opens,opens
1396,opens,opens
4201,opens,opens
6201,opens,opens
8780,opens,opens
6506,opens,opens
5333,opens,opens
7640,opens,fails
7163,opens,opens
6556,opens,opens
7127,opens,opens
6051,opens,opens
6234,opens,opens
5626,opens,opens
6608,opens,opens
8971,opens,opens
4054,opens,opens
1110,opens,opens
7168,opens,opens
2797,opens,opens
2894,opens,opens
8401,opens,opens
3008,opens,opens
5317,opens,opens
8070,opens,opens
4118,opens,opens
2881,opens,opens
3839,opens,opens
5701,opens,opens
2867,opens,opens
8220,opens,opens
2439,opens,opens
4796,opens,opens
6604,opens,opens
7195,opens,opens
7105,opens,opens
8297,opens,opens
8046,opens,opens
6045,opens,opens
4877,opens,opens
1897,opens,opens
4859,opens,opens
5830,opens,opens
2631,opens,opens
4120,opens,opens
6870,opens,opens
2566,opens,opens
6850,opens,opens
7982,opens,opens
1621,opens,opens
8889,opens,opens
6513,opens,opens
7844,opens,opens
3524,opens,fails
6462,opens,opens
4081,opens,opens
5921,opens,opens
7003,opens,opens
8423,opens,opens
1078,opens,opens
4608,opens,fails
1974,opens,opens
8479,opens,opens
3735,opens,opens
6916,opens,opens
3686,opens,opens
1125,opens,opens
6114,opens,opens
2829,opens,opens
4338,opens,opens
3237,opens,opens
1232,opens,opens
2045,opens,opens
1437,opens,opens
6105,opens,opens
2517,opens,opens
7302,opens,opens
5218,opens,opens
1853,opens,opens
7616,opens,opens
4919,opens,opens
7504,opens,opens
7975,opens,opens
7771,opens,opens
1366,opens,opens
6561,opens,opens
4182,opens,opens
1408,opens,opens
4112,opens,opens
6753,opens,opens
5369,opens,opens
1930,opens,fails
7041,opens,opens
1639,opens,opens
3955,opens,opens
8769,opens,opens
6896,opens,opens
5519,opens,opens
2450,opens,opens
4119,opens,fails
3378,opens,opens
5075,opens,opens
8266,opens,opens
2061,opens,opens
1939,opens,opens
8519,opens,opens
1091,opens,opens
4948,opens,opens
5512,opens,opens
4269,opens,opens
6852,opens,opens
2036,opens,opens
7148,opens,opens
4531,opens,opens
4937,opens,opens
4709,opens,opens
4281,opens,opens
2489,opens,opens
1567,opens,opens
8805,opens,opens
1040,opens,opens
7586,opens,opens
6726,opens,opens
8679,opens,opens
2974,opens,opens
3594,opens,opens
7078,opens,opens
5847,opens,opens
6471,opens,opens
5546,opens,opens
2579,opens,opens
4567,opens,opens
3291,opens,opens
1631,opens,opens
2177,opens,opens
5092,opens,opens
8692,opens,opens
8398,opens,opens
3082,opens,opens
5506,opens,opens
4908,opens,opens
4557,opens,opens
5341,opens,opens
6129,opens,opens
3720,opens,opens
6991,opens,opens
2212,opens,opens
8499,opens,opens
2237,opens,opens
8281,opens,opens
1701,opens,fails
7507,opens,opens
2206,opens,opens
8616,opens,opens
2121,opens,opens
4358,opens,opens
1946,opens,opens
6686,opens,opens
2549,opens,opens
4843,opens,opens
6255,opens,opens
4894,opens,opens
3107,opens,opens
6717,opens,opens
3793,opens,opens
3467,opens,opens
1612,opens,opens
3681,opens,opens
6065,opens,opens
4052,opens,opens
2128,opens,opens
4548,opens,opens
3534,opens,opens
8828,opens,opens
1585,opens,opens
6893,opens,opens
1597,opens,opens
3697,opens,opens
6261,opens,opens
1060,opens,opens
4473,opens,opens
7806,opens,opens
1552,opens,opens
8730,opens,opens
3578,opens,opens
6547,opens,opens
7438,fails,opens
5936,opens,opens
6007,opens,opens
8284,opens,opens
2117,opens,opens
7720,opens,opens
2619,fails,fails
8667,opens,opens
8694,opens,opens
1305,opens,opens
2099,opens,opens
7470,opens,opens
8024,opens,opens
5677,opens,opens
1111,opens,opens
1571,opens,fails
1787,opens,opens
5192,opens,opens
2141,opens,opens
7625,opens,opens
1525,opens,fails
4277,opens,opens
5914,opens,opens
8264,opens,opens
3199,opens,opens
1998,opens,opens
1457,opens,opens
6200,opens,opens
8495,opens,opens
1662,opens,opens
2491,opens,opens
2738,opens,opens
5100,opens,opens
6337,opens,fails
2336,opens,opens
6397,opens,opens
8112,opens,opens
6195,opens,opens
1802,opens,opens
4042,opens,opens
4848,opens,opens
1610,opens,opens
4471,opens,opens
6362,opens,opens
7404,opens,opens
4957,opens,opens
7628,opens,opens
8732,opens,opens
2127,opens,opens
5306,opens,opens
8933,opens,opens
4162,opens,opens
5644,opens,opens
4247,opens,opens
7074,opens,opens
3505,opens,opens
6336,opens,opens
5484,opens,opens
5370,opens,opens
5944,opens,opens
5545,opens,opens
8626,fails,fails
4477,opens,fails
4016,opens,opens
8873,opens,opens
3266,opens,opens
8214,opens,opens
3359,opens,opens
7366,opens,opens
8086,opens,opens
5915,opens,opens
7631,opens,fails
6388,opens,opens
5430,opens,fails
3641,opens,opens
6522,opens,opens
2718,opens,opens
3156,opens,opens
2950,opens,opens
1511,opens,opens
8444,opens,opens
2536,opens,opens
7753,opens,opens
3321,opens,opens
4012,opens,opens
2921,opens,fails
1403,opens,opens
2255,opens,opens
1724,opens,opens
1469,opens,opens
8518,opens,opens
7642,opens,opens
6868,opens,opens
4226,opens,opens
4237,opens,fails
1055,opens,opens
7722,opens,opens
5647,opens,opens
1852,opens,opens
7732,opens,opens
3822,opens,opens
2946,opens,opens
5359,opens,opens
4341,opens,opens
6421,opens,fails
3601,opens,opens
7229,opens,opens
1690,opens,opens
3444,opens,opens
5515,opens,opens
1532,opens,opens
6767,opens,opens
2216,opens,opens
3281,opens,opens
6931,opens,opens
6334,opens,opens
4615,opens,opens
1147,opens,opens
8026,opens,opens
3222,opens,opens
2284,opens,opens
7458,opens,opens
4444,opens,opens
7083,opens,opens
3718,opens,opens
5157,opens,opens
1837,opens,opens
8891,opens,opens
8335,opens,opens
1791,opens,opens
6035,opens,opens
7202,opens,opens
1406,opens,opens
7285,opens,opens
8038,opens,opens
3674,opens,opens
3157,opens,opens
6365,opens,opens
7138,opens,opens
3401,opens,opens
2131,opens,opens
5669,opens,opens
4166,opens,opens
5979,opens,opens
6437,opens,opens
4797,opens,opens
1981,opens,opens
6543,opens,opens
6497,opens,opens
1431,opens,opens
3836,opens,opens
7705,opens,opens
8027,opens,opens
5851,opens,opens
8170,opens,opens
8569,opens,opens
3348,opens,opens
2608,opens,fails
8548,opens,opens
6949,opens,opens
8670,opens,opens
7408,opens,opens
4028,opens,opens
6636,opens,opens
7166,opens,opens
1493,opens,opens
6795,opens,opens
6223,opens,opens
7800,opens,opens
3647,opens,opens
5432,opens,opens
7090,opens,opens
5693,opens,opens
8155,opens,opens
8372,opens,opens
3225,opens,opens
7985,opens,opens
2650,opens,opens
3612,opens,opens
5777,opens,opens
7391,opens,opens
6452,opens,opens
4665,opens,opens
5882,opens,opens
1058,opens,opens
2711,opens,opens
6573,opens,opens
8959,opens,opens
7649,opens,opens
6482,opens,opens
3345,opens,opens
3316,opens,opens
7375,opens,opens
4799,opens,opens
4132,opens,opens
7265,opens,opens
1634,opens,opens
1646,opens,opens
1286,opens,opens
2983,opens,opens
3713,opens,opens
3117,opens,opens
5616,opens,opens
4178,opens,opens
3734,opens,opens
1202,opens,opens
3293,opens,opens
8020,opens,opens
7102,opens,opens
2828,opens,opens
2356,opens,opens
7541,opens,opens
6057,opens,opens
1053,opens,opens
3298,opens,opens
4616,opens,opens
1207,opens,opens
2365,opens,opens
5298,opens,opens
8558,opens,opens
5225,opens,opens
1134,opens,opens
7961,opens,opens
8353,opens,opens
4787,opens,opens
4883,opens,opens
6417,opens,opens
3203,opens,opens
7348,opens,opens
3808,opens,opens
5531,opens,opens
1759,opens,opens
7827,opens,opens
5196,opens,opens
5147,opens,opens
4660,opens,opens
1162,opens,opens
1623,opens,opens
6882,opens,opens
2395,opens,opens
5198,opens,opens
7565,opens,opens
3976,opens,opens
3965,opens,opens
5595,opens,opens
2180,opens,fails
1821,opens,opens
5181,opens,opens
8018,opens,opens
7630,opens,opens
6564,opens,opens
1168,opens,opens
8178,opens,opens
2715,opens,opens
3871,opens,opens
8989,opens,opens
3849,opens,opens
6706,opens,opens
4809,opens,opens
6694,opens,opens
6924,opens,fails
6897,opens,fails
7378,opens,opens
5993,opens,opens
3206,opens,opens
3108,opens,opens
6962,opens,opens
4470,opens,opens
2320,opens,opens
5073,opens,opens
4784,opens,opens
7199,opens,opens
3178,opens,opens
3201,opens,fails
7173,opens,opens
1077,opens,opens
1691,opens,opens
5784,opens,opens
3221,opens,opens
8136,opens,opens
6017,opens,opens
7356,opens,opens
2089,opens,opens
7816,opens,opens
5704,opens,opens
2359,opens,opens
4827,opens,fails
8964,opens,fails
6942,opens,opens
3244,opens,opens
7131,opens,opens
8420,opens,opens
5766,opens,opens
6750,opens,opens
5447,opens,opens
8298,opens,opens
3741,opens,opens
7841,opens,opens
6690,opens,opens
7480,opens,opens
8551,opens,opens
3437,fails,fails
4110,opens,opens
7962,opens,opens
2275,opens,opens
2697,opens,opens
5040,opens,opens
2488,opens,opens
1049,opens,opens
8655,opens,opens
4780,opens,opens
5988,opens,opens
5423,opens,opens
2158,opens,opens
8114,opens,opens
2296,opens,opens
8488,opens,opens
6130,opens,opens
5870,opens,opens
2461,opens,opens
3326,opens,opens
1730,opens,opens
6122,opens,opens
1840,opens,opens
4745,opens,opens
3666,opens,opens
6281,opens,opens
1474,opens,opens
6355,opens,opens
6046,opens,opens
6079,opens,opens
8740,opens,opens
2814,opens,opens
7447,opens,opens
2888,opens,opens
3644,opens,opens
8411,opens,opens
1082,opens,fails
5376,opens,opens
6998,opens,opens
6400,opens,opens
6813,opens,fails
8457,opens,opens
5282,opens,opens
6460,opens,opens
7591,opens,opens
7820,opens,opens
1312,opens,opens
6624,opens,opens
4504,opens,opens
3375,opens,opens
4121,opens,opens
1009,opens,opens
8890,opens,opens
1296,opens,opens
4902,opens,opens
1365,opens,opens
1593,opens,opens
8373,opens,opens
2849,opens,opens
5567,opens,opens
2326,opens,fails
1572,opens,opens
5627,opens,opens
8575,opens,opens
4942,opens,opens
2661,opens,opens
2604,opens,fails
3550,opens,opens
3227,opens,opens
1204,opens,opens
3813,opens,opens
8119,opens,opens
2169,opens,opens
8607,opens,opens
8507,opens,opens
7542,opens,opens
8287,opens,opens
8468,opens,opens
6935,opens,opens
4642,opens,opens
7726,opens,opens
3942,opens,opens
6067,opens,opens
4987,opens,opens
6612,opens,opens
6682,opens,opens
1763,opens,opens
1160,opens,opens
8859,opens,opens
6955,opens,opens
6928,opens,opens
5860,opens,opens
6221,opens,opens
4876,opens,opens
4673,opens,opens
3692,opens,opens
7578,opens,opens
4972,opens,opens
1923,opens,opens
3515,opens,opens
5057,opens,opens
1957,opens,opens
7098,opens,fails
2501,opens,opens
4689,opens,opens
6504,opens,opens
8332,opens,opens
6091,opens,opens
5319,opens,opens
2956,opens,opens
7857,opens,opens
3084,opens,opens
8737,opens,opens
7510,opens,opens
4354,opens,opens
3875,opens,opens
5033,opens,opens
2939,opens,opens
7189,opens,opens
6172,opens,opens
2598,opens,opens
1034,opens,opens
3917,opens,opens
5188,opens,opens
8572,opens,opens
4708,opens,opens
5086,opens,opens
4654,opens,fails
7701,opens,opens
7269,opens,opens
8938,opens,opens
4912,opens,opens
8034,opens,opens
4256,opens,opens
5751,opens,opens
6477,opens,opens
8399,opens,opens
6730,opens,opens
8030,opens,opens
3749,opens,opens
3357,opens,opens
6301,opens,opens
1092,opens,opens
8248,opens,opens
6783,opens,opens
2107,opens,opens
4294,opens,opens
2768,opens,opens
6384,opens,opens
3824,opens,opens
6139,opens,opens
3815,opens,opens
5682,opens,opens
4820,opens,opens
1074,opens,opens
5171,opens,opens
6125,opens,opens
2248,opens,opens
2618,opens,opens
8542,opens,opens
2637,opens,opens
5799,opens,opens
5756,opens,opens
3662,opens,opens
4107,opens,opens
4218,opens,opens
8278,opens,opens
2146,opens,fails
8848,opens,opens
1580,opens,opens
1598,opens,opens
4062,opens,opens
8436,opens,opens
5754,opens,opens
1514,opens,opens
4770,opens,opens
7339,opens,opens
2996,opens,opens
6389,opens,opens
7796,opens,opens
1215,fails,fails
6625,opens,opens
5591,opens,opens
4185,opens,opens
3925,fails,fails
2559,opens,opens
5804,opens,opens
3678,opens,opens
1958,opens,opens
3945,fails,fails
3018,opens,opens
1594,opens,opens
8825,opens,opens
6150,opens,opens
3330,opens,opens
5543,opens,opens
3790,opens,opens
5681,opens,opens
8652,opens,opens
7249,opens,opens
7797,opens,opens
6911,opens,opens
6786,opens,opens
7104,opens,opens
7932,opens,opens
7842,opens,opens
3020,opens,opens
5350,opens,opens
6298,opens,opens
1116,opens,opens
7268,opens,opens
1129,opens,opens
5560,opens,opens
5873,opens,opens
5713,opens,opens
5852,opens,opens
1920,opens,opens
3313,opens,opens
5089,opens,opens
3883,opens,opens
6638,opens,opens
1886,opens,opens
4049,opens,opens
3021,opens,opens
4674,opens,opens
3112,opens,opens
3490,opens,opens
7624,opens,opens
1592,opens,opens
3146,opens,opens
8568,opens,opens
6465,opens,opens
5971,opens,opens
4575,opens,opens
6290,opens,opens
7377,opens,opens
3620,opens,opens
6888,opens,opens
2930,opens,opens
5419,opens,opens
3939,opens,opens
5937,opens,opens
7259,opens,opens
7847,opens,opens
1577,opens,opens
4737,opens,opens
4802,opens,opens
6970,opens,opens
4246,opens,opens
6124,opens,opens
2053,opens,opens
1512,opens,opens
5757,opens,opens
2984,opens,opens
1629,opens,opens
5850,opens,opens
7530,opens,opens
7386,opens,opens
2250,opens,opens
1409,opens,opens
4064,opens,opens
8017,opens,opens
4868,opens,opens
3704,opens,opens
5235,opens,opens
1433,opens,opens
4259,opens,opens
6739,opens,opens
3876,opens,opens
1934,opens,opens
7960,opens,opens
7153,opens,opens
5309,opens,opens
7545,opens,opens
8410,opens,opens
8922,opens,opens
3250,opens,opens
3593,opens,opens
1399,opens,opens
2962,opens,opens
6277,opens,opens
8504,opens,opens
1519,opens,opens
7898,opens,opens
4852,opens,opens
6891,opens,opens
6396,opens,opens
8395,opens,opens
7532,opens,opens
4278,opens,opens
3812,opens,opens
4044,opens,opens
6162,opens,opens
8688,opens,opens
1921,opens,opens
6742,opens,opens
8943,opens,opens
5555,opens,opens
7150,opens,opens
3898,opens,opens
1313,opens,opens
3610,opens,opens
1094,opens,opens
2563,opens,opens
3126,opens,opens
1667,opens,opens
6110,opens,opens
2153,opens,opens
8492,opens,opens
8871,opens,opens
2555,opens,opens
1825,opens,opens
4587,opens,fails
5600,opens,opens
7551,opens,opens
7505,opens,opens
4045,opens,opens
5995,opens,fails
7610,opens,opens
5449,opens,opens
7762,opens,opens
8951,opens,opens
7492,opens,opens
1605,opens,opens
1515,opens,opens
1576,opens,opens
5220,opens,opens
3930,opens,opens
6910,opens,opens
1927,opens,opens
8207,opens,opens
1695,opens,opens
4861,opens,opens
2871,opens,opens
2055,opens,opens
6081,opens,opens
4621,opens,opens
5845,opens,opens
1086,opens,opens
3574,opens,opens
2720,opens,opens
7388,opens,opens
5717,opens,opens
5234,opens,opens
8854,opens,opens
5996,opens,opens
1786,opens,opens
8599,opens,opens
1478,opens,opens
5517,opens,opens
8051,opens,opens
7589,opens,opens
6244,opens,opens
3769,opens,opens
8271,opens,opens
3193,opens,opens
4344,opens,opens
1069,opens,opens
5970,opens,opens
1279,opens,opens
5289,opens,opens
8893,opens,opens
6950,opens,opens
2198,opens,opens
7627,opens,opens
6308,opens,opens
1717,opens,opens
1335,opens,opens
8749,opens,opens
6027,opens,opens
7600,opens,opens
1699,opens,opens
3981,opens,opens
2303,opens,opens
8944,opens,opens
3462,opens,fails
6849,opens,opens
3389,opens,opens
2396,opens,opens
6698,opens,opens
8793,opens,opens
1180,opens,opens
8843,opens,opens
6779,opens,opens
1321,opens,opens
4712,opens,opens
1750,opens,opens
7033,opens,opens
6394,opens,opens
4714,opens,opens
2458,opens,opens
7888,opens,opens
6369,opens,opens
8919,opens,opens
4488,opens,opens
6538,opens,opens
4309,opens,opens
8972,opens,opens
6432,opens,opens
6347,opens,opens
2688,opens,opens
3271,opens,opens
1332,opens,opens
6316,opens,opens
1551,opens,opens
4847,opens,opens
7754,opens,opens
5120,opens,opens
8887,opens,opens
2936,opens,opens
2500,opens,opens
6578,opens,opens
4993,opens,opens
3259,opens,opens
8228,opens,opens
2658,opens,fails
6791,opens,opens
1885,opens,opens
8901,opens,opens
6406,opens,opens
8321,opens,opens
4374,opens,opens
2514,opens,opens
7149,opens,opens
7920,opens,opens
6156,opens,opens
2671,opens,opens
3022,fails,fails
8153,opens,opens
3672,opens,opens
7779,opens,opens
2378,opens,opens
4053,opens,opens
8478,opens,opens
8876,opens,opens
7840,opens,opens
6284,opens,opens
6427,opens,opens
2582,opens,opens
8355,opens,opens
1720,opens,opens
8304,opens,opens
3077,opens,opens
6662,opens,opens
1346,opens,opens
1087,opens,opens
6478,opens,opens
2880,opens,opens
6349,opens,fails
3600,opens,opens
8725,opens,opens
2159,opens,opens
2111,opens,opens
5840,opens,opens
1155,opens,opens
2083,opens,opens
2736,opens,opens
4041,opens,opens
2371,opens,opens
3952,opens,opens
1718,opens,opens
5708,opens,opens
6551,opens,opens
4014,opens,opens
7073,opens,opens
5497,opens,opens
5862,opens,opens
5050,opens,opens
2596,opens,opens
1128,opens,opens
6865,opens,opens
8232,opens,opens
3999,opens,opens
7157,opens,opens
5466,opens,opens
7787,opens,opens
5565,opens,opens
2820,opens,opens
1656,opens,opens
6941,opens,opens
4091,opens,opens
3729,opens,opens
7466,opens,opens
7676,opens,opens
6425,opens,opens
2755,opens,opens
8451,opens,opens
5096,opens,opens
3127,opens,opens
4122,opens,opens
8515,opens,opens
1143,opens,opens
5427,opens,opens
4500,opens,opens
6618,opens,opens
1848,opens,opens
3449,opens,opens
5111,opens,opens
2341,opens,opens
5163,opens,opens
2819,opens,opens
7943,opens,opens
8523,opens,opens
2246,opens,opens
7871,opens,opens
8087,fails,fails
3795,opens,opens
7922,opens,opens
7013,opens,opens
5584,opens,opens
2750,opens,opens
4275,opens,opens
8783,opens,opens
5892,opens,opens
3797,opens,opens
2401,opens,opens
1581,opens,opens
1924,opens,opens
1351,opens,opens
6297,opens,opens
8466,opens,opens
4395,opens,opens
6320,opens,opens
3039,opens,opens
5858,opens,opens
5768,opens,opens
2459,opens,opens
8795,opens,opens
6527,opens,opens
2719,opens,opens
3332,opens,opens
6374,opens,opens
3295,opens,opens
2120,opens,opens
5259,opens,opens
6024,fails,fails
7894,opens,opens
8659,opens,opens
1614,opens,opens
7015,opens,opens
4963,opens,opens
1435,opens,opens
8055,opens,opens
1226,opens,opens
8285,opens,opens
8595,opens,opens
3763,opens,opens
5666,opens,opens
6523,opens,opens
5594,opens,opens
1613,opens,opens
6295,opens,opens
6861,opens,fails
5174,opens,opens
7963,opens,opens
7803,opens,opens
1339,opens,opens
4725,opens,opens
7240,opens,opens
5951,opens,opens
5435,opens,opens
3838,opens,opens
6806,opens,opens
8588,opens,opens
2039,opens,opens
4394,opens,opens
5906,opens,opens
7331,opens,opens
5214,opens,opens
3566,opens,opens
7113,opens,opens
5066,opens,opens
6078,opens,opens
5119,opens,opens
2239,opens,opens
4068,opens,opens
3788,opens,opens
4873,opens,fails
8517,opens,opens
2785,opens,opens
8254,opens,opens
7992,opens,opens
4925,opens,opens
4271,opens,opens
4429,opens,opens
4769,opens,opens
3961,opens,opens
8316,opens,opens
6761,opens,opens
7316,opens,opens
4174,opens,opens
2770,opens,opens
2513,opens,opens
2139,opens,opens
1675,opens,opens
7983,opens,opens
5787,opens,fails
7034,opens,opens
5863,opens,opens
6393,opens,opens
1377,opens,opens
7812,opens,opens
2484,opens,opens
8689,opens,opens
8082,opens,opens
4361,opens,opens
7084,opens,opens
2344,opens,opens
3419,opens,opens
8651,opens,opens
5201,opens,opens
8861,opens,opens
1419,opens,opens
3592,opens,opens
7573,opens,opens
3717,opens,opens
8039,opens,opens
7717,opens,opens
4113,opens,opens
4017,opens,opens
1948,opens,opens
2072,opens,opens
1025,opens,opens
3098,opens,opens
1274,opens,opens
2142,opens,opens
3145,opens,opens
2094,opens,opens
6468,opens,opens
2288,opens,opens
5367,opens,opens
8292,opens,opens
1017,opens,opens
4214,opens,opens
6220,opens,opens
1475,opens,opens
2038,opens,opens
2163,opens,opens
6505,opens,opens
6643,opens,opens
1227,opens,opens
8412,opens,opens
8474,opens,opens
4035,opens,opens
3482,opens,fails
3073,opens,opens
5540,opens,opens
6619,opens,fails
5261,opens,opens
5887,opens,opens
4594,opens,opens
6574,opens,opens
2271,opens,opens
4929,opens,opens
2218,opens,opens
4713,opens,opens
7439,opens,opens
6890,opens,opens
6773,opens,opens
5564,opens,opens
3388,opens,opens
3500,opens,opens
4680,opens,opens
5199,opens,opens
4268,opens,opens
2822,opens,opens
5903,opens,opens
2433,opens,opens
3536,opens,opens
4096,opens,opens
6445,opens,opens
7303,opens,opens
1811,opens,opens
7246,opens,opens
7597,opens,opens
7904,opens,opens
6372,opens,opens
6908,opens,fails
8417,opens,opens
8407,opens,opens
5031,opens,opens
1748,opens,opens
5329,opens,opens
5796,opens,opens
7925,opens,opens
4905,opens,opens
8832,opens,opens
5486,opens,opens
8044,opens,fails
4782,opens,opens
3006,opens,opens
5973,opens,opens
4105,opens,opens
6060,opens,opens
7044,opens,opens
8197,opens,opens
2801,opens,opens
2231,opens,opens
7340,opens,opens
5009,opens,opens
1175,opens,opens
4486,opens,opens
6669,opens,opens
5121,opens,opens
8923,opens,opens
3498,opens,opens
5943,opens,opens
7646,opens,opens
1453,opens,opens
3910,opens,opens
6319,opens,opens
6371,opens,opens
7004,opens,opens
6121,opens,opens
2260,opens,opens
5815,opens,opens
7758,opens,opens
8853,opens,opens
1088,opens,opens
8850,opens,opens
1808,opens,opens
2914,opens,opens
7776,opens,opens
8290,opens,opens
5551,opens,opens
4773,opens,opens
4057,opens,opens
3540,opens,opens
3823,opens,opens
8849,opens,opens
3065,opens,opens
6038,opens,opens
5760,opens,opens
6127,opens,fails
1367,opens,opens
4340,opens,opens
3136,opens,opens
1303,opens,opens
6282,opens,opens
3719,opens,opens
8209,opens,opens
1199,fails,fails
5077,opens,opens
8376,opens,opens
7255,opens,opens
1797,opens,opens
8481,opens,opens
5081,opens,opens
4685,opens,opens
2865,opens,opens
6535,opens,opens
5504,opens,opens
6609,opens,opens
3923,opens,opens
5848,opens,fails
3150,opens,opens
5230,opens,fails
7091,opens,opens
5865,opens,opens
4884,opens,opens
2399,opens,opens
7422,opens,opens
8695,opens,opens
5403,opens,opens
3860,opens,opens
4798,opens,opens
3699,opens,opens
4335,opens,opens
6576,opens,opens
1041,opens,opens
8433,opens,opens
8081,opens,opens
7040,opens,opens
7047,opens,opens
2346,opens,opens
3948,opens,opens
7020,opens,opens
3138,opens,opens
8723,opens,opens
2561,opens,opens
6687,opens,opens
4410,opens,opens
1989,opens,opens
1609,opens,opens
2641,opens,opens
8306,opens,opens
4867,opens,opens
7912,opens,opens
2026,opens,opens
5792,opens,opens
3172,opens,opens
2428,opens,opens
5675,opens,fails
2929,opens,fails
8107,opens,opens
4772,opens,opens
6066,opens,opens
1819,opens,opens
8237,opens,fails
1827,opens,opens
3272,opens,opens
6925,opens,opens
2704,opens,opens
1660,opens,opens
4115,opens,opens
4161,opens,opens
2460,opens,opens
3144,opens,opens
3035,opens,opens
8348,opens,opens
6709,opens,opens
2694,opens,opens
2496,opens,opens
5202,opens,opens
1916,opens,opens
4821,opens,opens
4415,opens,opens
4475,opens,opens
3958,opens,opens
3049,opens,opens
3041,opens,opens
4926,opens,opens
7250,opens,opens
7860,opens,opens
8858,opens,fails
4342,opens,opens
8821,opens,opens
1704,opens,opens
6171,opens,opens
2662,opens,opens
5190,opens,opens
2676,opens,opens
2481,opens,opens
8687,opens,opens
7913,opens,opens
7443,opens,fails
3251,opens,opens
7483,opens,opens
2842,opens,opens
6335,opens,opens
1658,opens,opens
2208,opens,opens
7326,opens,opens
5002,opens,opens
6994,opens,opens
1123,opens,opens
4400,opens,opens
7632,opens,opens
8918,opens,opens
2022,opens,opens
1817,opens,opens
3671,opens,opens
4453,opens,opens
1223,opens,opens
8649,opens,opens
4878,opens,opens
2455,opens,opens
6738,opens,opens
5104,opens,fails
8860,opens,opens
5348,opens,opens
2161,opens,opens
1072,opens,opens
5389,opens,opens
3679,opens,opens
5632,opens,opens
7308,opens,opens
5642,opens,opens
3219,opens,opens
7341,opens,opens
6104,opens,opens
3690,opens,opens
8225,opens,opens
5361,opens,opens
5028,opens,opens
8796,opens,opens
7755,opens,opens
6764,opens,opens
4866,opens,opens
8094,opens,opens
6819,opens,opens
2232,opens,opens
4130,opens,opens
5131,opens,opens
3650,opens,opens
4460,opens,opens
2670,opens,opens
5452,opens,opens
4945,opens,opens
6592,opens,opens
5345,opens,opens
3773,opens,opens
4611,opens,opens
7188,opens,opens
3632,opens,opens
6585,opens,opens
2109,opens,opens
2150,opens,opens
4461,opens,opens
6302,opens,opens
6233,opens,opens
5611,opens,opens
8085,opens,opens
3633,opens,opens
8532,opens,opens
8746,opens,opens
4907,opens,opens
2531,opens,opens
1969,opens,opens
1173,opens,opens
5793,opens,opens
2040,opens,opens
8365,opens,opens
8234,opens,opens
3282,opens,opens
2440,opens,opens
2273,opens,opens
8686,opens,opens
7623,opens,opens
2995,opens,opens
5900,opens,opens
8757,opens,opens
8875,opens,opens
7833,opens,opens
8785,opens,opens
3816,opens,opens
3702,opens,opens
7478,opens,opens
4442,opens,opens
5998,opens,opens
2560,opens,opens
3096,opens,opens
6496,opens,opens
1418,opens,opens
6225,opens,opens
8685,opens,opens
4399,opens,opens
3817,opens,opens
1988,opens,opens
8105,opens,opens
8538,opens,opens
5599,opens,opens
4519,opens,opens
7176,opens,opens
1767,opens,fails
5975,opens,opens
4070,opens,opens
7737,opens,opens
6423,opens,opens
6816,opens,opens
1139,opens,opens
4350,opens,opens
6741,opens,opens
2125,opens,opens
3183,opens,opens
2992,opens,opens
6157,opens,opens
1770,opens,opens
1666,opens,opens
1608,opens,opens
6300,opens,opens
2443,opens,opens
2787,opens,opens
8286,opens,opens
1246,opens,opens
4188,opens,opens
8800,opens,opens
7220,opens,fails
6871,opens,opens
1964,opens,opens
3059,opens,opens
4932,opens,opens
1245,opens,opens
2516,opens,opens
8578,opens,opens
2836,opens,opens
6174,opens,opens
6820,opens,opens
3935,opens,opens
8378,opens,opens
5442,opens,opens
5932,opens,opens
1603,opens,opens
6214,opens,opens
2172,opens,opens
3301,opens,opens
6108,opens,opens
8364,opens,opens
7063,opens,opens
5043,opens,opens
5947,opens,opens
4279,opens,opens
8037,opens,opens
1051,opens,opens
6025,opens,opens
3328,opens,opens
8552,opens,opens
6481,opens,opens
4879,opens,opens
3623,opens,opens
2625,opens,opens
8414,opens,opens
2184,opens,opens
1549,opens,opens
4977,opens,opens
7174,opens,opens
1221,opens,opens
4525,opens,opens
8461,opens,opens
6894,opens,opens
2225,opens,opens
4249,opens,opens
1877,opens,opens
6131,opens,opens
7029,opens,opens
7596,opens,opens
7987,opens,opens
1932,opens,opens
2101,opens,opens
4325,opens,opens
6606,opens,opens
2846,opens,opens
6486,opens,opens
2737,opens,opens
2321,opens,fails
8206,opens,opens
3484,opens,opens
7309,opens,opens
6454,opens,opens
5231,opens,opens
2362,opens,opens
5849,opens,opens
6311,opens,opens
8075,opens,opens
2589,opens,opens
1314,opens,opens
1782,opens,opens
2372,opens,opens
4072,fails,fails
8908,opens,opens
5123,opens,opens
6217,opens,opens
2916,opens,opens
6138,opens,opens
6845,opens,opens
3396,opens,opens
6980,opens,opens
5884,opens,opens
2188,opens,opens
6321,opens,opens
8152,opens,opens
3646,opens,opens
2358,opens,fails
6815,opens,opens
1350,opens,opens
1742,opens,opens
3483,opens,opens
2442,opens,opens
2944,opens,opens
8748,opens,opens
4662,opens,opens
7345,opens,opens
6251,opens,opens
4904,opens,opens
6770,opens,opens
6525,opens,opens
3264,opens,opens
1743,opens,opens
8374,opens,opens
8233,opens,opens
2900,opens,opens
1683,opens,opens
1563,opens,opens
1421,opens,opens
8108,opens,opens
2473,opens,opens
2706,opens,fails
7395,opens,opens
4111,opens,opens
1573,opens,opens
8529,opens,opens
7537,opens,opens
6637,opens,opens
3045,opens,opens
7748,opens,opens
6876,opens,opens
2247,opens,opens
7111,opens,opens
5407,opens,opens
1849,opens,fails
6043,opens,opens
7218,opens,opens
3919,opens,opens
3066,opens,opens
8522,opens,opens
3712,opens,opens
3044,opens,opens
8643,opens,opens
4762,opens,opens
6956,opens,opens
1918,opens,opens
8001,opens,opens
8193,opens,opens
8910,opens,opens
7574,opens,opens
6777,opens,opens
6259,opens,opens
1261,opens,opens
1301,opens,opens
2826,opens,opens
7650,opens,opens
1126,opens,opens
1192,opens,opens
3878,opens,opens
2272,opens,opens
7495,opens,opens
5170,opens,opens
7178,opens,opens
4106,opens,opens
2621,opens,opens
3800,opens,opens
2854,opens,opens
5978,opens,opens
4138,opens,opens
3676,opens,opens
4771,opens,opens
4832,opens,fails
8571,opens,opens
6661,opens,opens
8172,opens,opens
6331,opens,opens
1706,opens,opens
4272,opens,opens
8630,opens,opens
6514,opens,fails
6358,opens,opens
6479,opens,opens
4364,opens,opens
4620,opens,opens
8819,opens,opens
3905,opens,opens
1879,opens,opens
3890,opens,opens
4372,opens,opens
1353,opens,opens
6593,opens,opens
8311,opens,opens
8164,opens,opens
7160,opens,opens
1172,opens,fails
5552,opens,opens
4321,opens,opens
3586,opens,opens
7169,opens,opens
7874,opens,opens
5069,opens,opens
2331,opens,opens
2060,opens,opens
8440,opens,opens
2681,opens,opens
4145,opens,opens
6163,opens,opens
8357,fails,fails
1394,opens,opens
2961,opens,fails
7146,opens,opens
7633,opens,opens
5118,opens,opens
7865,opens,opens
2267,opens,opens
5236,opens,opens
1097,opens,opens
1738,opens,opens
8294,opens,opens
8574,opens,opens
2085,opens,opens
6887,opens,opens
7981,opens,opens
1622,opens,opens
8071,opens,opens
4403,opens,opens
4813,opens,opens
7712,opens,opens
3478,opens,opens
8002,opens,opens
4046,opens,opens
4962,fails,fails
5533,opens,opens
6652,opens,opens
2167,opens,opens
8100,opens,opens
2680,opens,opens
7383,opens,opens
8171,opens,opens
5604,opens,opens
2509,opens,opens
7290,opens,fails
8317,opens,opens
4645,opens,opens
5058,opens,opens
7371,opens,opens
8619,opens,opens
1171,opens,opens
6858,opens,opens
3053,opens,opens
1938,opens,opens
5869,opens,fails
3977,opens,opens
8930,opens,opens
5686,opens,opens
1397,opens,opens
8049,opens,opens
1696,opens,fails
2110,opens,opens
5278,opens,opens
1632,opens,opens
5662,opens,opens
6348,opens,opens
4273,opens,opens
8953,opens,opens
4065,opens,opens
7814,opens,opens
5133,opens,opens
8115,opens,opens
4286,opens,opens
7738,opens,opens
1746,opens,opens
5253,opens,opens
6279,opens,opens
1719,opens,opens
8350,opens,opens
3775,opens,opens
5262,opens,opens
6571,opens,opens
4141,opens,opens
2798,opens,opens
2294,opens,opens
1834,opens,opens
3866,opens,opens
1855,opens,opens
2470,opens,opens
1601,opens,opens
4842,opens,opens
2244,opens,opens
8496,opens,opens
3521,opens,opens
7402,opens,opens
4543,opens,opens
6938,opens,opens
3354,opens,opens
2751,opens,opens
6804,opens,opens
5208,opens,opens
2154,opens,opens
3277,opens,opens
2891,opens,opens
2298,opens,opens
4545,opens,opens
1359,opens,opens
5954,opens,opens
4524,opens,opens
8328,opens,opens
2754,opens,opens
8520,opens,opens
7548,opens,opens
7636,opens,opens
7426,opens,opens
4267,opens,opens
3434,opens,opens
2544,opens,opens
1127,opens,opens
4601,opens,opens
1887,opens,opens
3481,opens,opens
8261,opens,opens
7945,opens,opens
2493,opens,opens
2959,opens,opens
8489,opens,opens
6197,opens,opens
4287,opens,opens
1363,opens,opens
6517,opens,opens
4177,opens,opens
2655,opens,opens
4207,opens,opens
2587,opens,opens
2657,opens,opens
4003,opens,opens
1796,opens,opens
7848,opens,opens
2170,opens,opens
2611,opens,opens
8960,opens,fails
1648,opens,opens
7906,opens,opens
5553,opens,opens
4426,opens,opens
2571,opens,opens
3441,opens,opens
6799,opens,opens
5247,opens,opens
8236,opens,opens
8712,opens,opens
2316,opens,opens
1925,opens,opens
7935,opens,opens
5324,opens,opens
7050,opens,opens
6811,opens,opens
6438,opens,opens
2240,opens,opens
2948,opens,opens
1751,opens,opens
8454,opens,fails
2827,opens,opens
5808,opens,opens
6178,opens,opens
3241,opens,opens
3442,opens,opens
1465,opens,opens
1828,opens,opens
5710,opens,opens
7953,opens,opens
3995,opens,opens
1768,opens,opens
5308,opens,opens
1868,opens,opens
2175,opens,opens
6880,opens,opens
8926,opens,fails
4071,opens,opens
8186,opens,opens
2710,opens,opens
4792,opens,opens
5176,opens,opens
2941,opens,opens
7695,opens,opens
1238,fails,fails
6567,opens,opens
6828,opens,opens
7725,opens,opens
7621,opens,opens
1282,opens,opens
2049,opens,opens
1676,opens,opens
6137,opens,opens
4834,opens,opens
1565,opens,opens
5570,opens,opens
2058,opens,opens
5275,opens,opens
3405,opens,fails
6539,opens,opens
3493,opens,opens
6403,opens,opens
5480,opens,opens
5624,opens,opens
1213,opens,opens
2214,opens,opens
5263,opens,opens
8408,opens,opens
1764,fails,fails
8015,opens,opens
5775,opens,opens
7283,opens,opens
8158,opens,opens
6154,opens,opens
8765,opens,opens
6291,opens,opens
7513,opens,opens
7406,opens,opens
8176,opens,opens
8270,opens,opens
3943,opens,opens
5856,opens,opens
4856,opens,opens
1382,opens,opens
6621,opens,opens
2545,opens,opens
4638,opens,opens
5680,opens,opens
8430,opens,opens
5450,opens,opens
6111,opens,opens
7194,opens,opens
1373,opens,opens
1905,opens,opens
4438,opens,opens
8231,opens,opens
5510,opens,opens
1378,opens,opens
3257,opens,opens
8565,opens,opens
3683,opens,opens
2427,opens,opens
5459,opens,opens
1711,opens,opens
8624,opens,opens
5343,opens,opens
8950,opens,opens
2343,opens,opens
1509,opens,opens
3413,opens,opens
6120,opens,opens
3858,opens,opens
6166,opens,opens
1104,opens,opens
7464,opens,opens
2700,opens,opens
4420,opens,opens
7957,opens,opens
6587,opens,opens
3991,opens,opens
4973,opens,opens
3706,opens,opens
6235,opens,opens
8580,opens,opens
2367,opens,opens
3364,opens,opens
5778,opens,opens
6411,opens,opens
7081,opens,opens
5138,opens,opens
8346,opens,opens
4020,opens,opens
6280,opens,opens
1657,opens,opens
8182,opens,opens
3278,opens,opens
7049,opens,opens
4498,opens,opens
3236,opens,opens
8804,opens,opens
2646,opens,opens
6098,opens,opens
3725,opens,fails
2047,opens,opens
7893,opens,opens
1822,opens,opens
8931,opens,opens
8021,opens,opens
8900,opens,opens
8036,opens,opens
6373,opens,opens
5474,opens,opens
7158,opens,opens
3803,opens,opens
2835,opens,opens
1043,opens,fails
1909,opens,opens
7887,fails,fails
8131,opens,opens
1412,opens,fails
6361,opens,opens
2910,opens,opens
6461,opens,opens
2325,opens,opens
8592,opens,opens
4968,opens,opens
6085,opens,opens
6758,opens,opens
1057,opens,opens
3618,opens,opens
7520,opens,opens
4446,opens,opens
2602,opens,opens
8815,opens,opens
3730,opens,opens
2388,opens,opens
4458,opens,opens
4301,opens,fails
5904,opens,opens
4134,opens,opens
7772,opens,opens
3539,opens,opens
5720,opens,opens
7016,opens,opens
2913,opens,opens
4811,opens,opens
2557,opens,fails
6262,opens,opens
5767,opens,opens
1854,opens,opens
1898,opens,opens
7850,opens,opens
7544,opens,opens
2727,opens,opens
7329,opens,opens
4392,opens,opens
2530,opens,opens
7481,opens,opens
7499,opens,opens
2467,opens,opens
3299,opens,opens
4996,opens,opens
8980,opens,opens
1214,opens,opens
7805,opens,opens
6971,opens,opens
5596,opens,opens
5610,opens,opens
4604,opens,opens
7463,opens,opens
1211,opens,opens
6953,opens,opens
4129,opens,opens
8142,opens,opens
3996,opens,opens
5402,opens,opens
3970,opens,opens
6241,opens,opens
8733,opens,opens
7364,opens,opens
4391,opens,opens
5248,opens,opens
2721,opens,opens
4061,opens,fails
3892,opens,opens
3031,opens,opens
3559,opens,opens
4819,opens,opens
8384,opens,opens
1293,opens,opens
1218,opens,opens
8077,opens,opens
4212,opens,opens
2236,opens,opens
8028,opens,opens
6825,opens,opens
5948,opens,opens
2084,opens,opens
1179,opens,opens
8208,opens,opens
3894,opens,opens
2610,opens,opens
5711,opens,fails
8483,opens,opens
8078,opens,opens
7883,opens,opens
8650,opens,opens
4018,opens,opens
4882,opens,opens
3356,opens,opens
1004,opens,fails
6854,opens,opens
2668,opens,opens
6839,opens,opens
1368,opens,opens
1635,opens,opens
7773,opens,opens
8751,opens,opens
8790,opens,opens
6697,opens,opens
3425,opens,opens
4408,opens,opens
3087,opens,opens
3452,opens,opens
7780,opens,opens
7660,opens,opens
8512,opens,opens
7183,opens,opens
2102,opens,opens
3189,fails,fails
7487,opens,opens
6097,opens,opens
6096,opens,opens
6189,opens,opens
1810,opens,opens
2597,opens,opens
3896,opens,opens
8673,opens,opens
4135,opens,opens
6181,opens,opens
6986,opens,opens
2160,opens,opens
4217,opens,opens
8472,opens,opens
5215,opens,opens
8717,opens,fails
1178,opens,opens
6673,opens,opens
5117,opens,opens
8151,opens,opens
6270,opens,fails
8885,opens,opens
3960,opens,opens
8589,opens,opens
7774,opens,opens
7876,opens,opens
1882,opens,opens
4496,opens,opens
2155,opens,opens
3032,opens,opens
2757,opens,opens
5618,opens,opens
3024,opens,opens
8866,opens,opens
7381,opens,opens
3538,opens,opens
2369,opens,opens
5816,opens,opens
5404,opens,opens
7930,opens,opens
5651,opens,opens
2653,opens,opens
7959,opens,opens
3640,opens,opens
1390,opens,opens
2772,opens,opens
1216,opens,opens
8120,opens,opens
8175,opens,opens
5661,opens,opens
4197,opens,opens
8276,opens,opens
5173,opens,opens
2191,opens,opens
6170,opens,opens
7350,opens,fails
8750,opens,opens
3374,opens,opens
8494,opens,opens
5890,opens,opens
1739,opens,opens
3421,opens,opens
7055,opens,opens
2813,opens,opens
7936,opens,opens
6249,opens,opens
6177,opens,opens
6299,opens,opens
6364,opens,opens
7357,opens,opens
2542,opens,fails
8773,opens,opens
4875,opens,opens
1480,opens,opens
2775,opens,opens
3083,opens,opens
6296,opens,opens
7703,opens,opens
7225,opens,opens
1228,opens,opens
2264,opens,opens
8402,opens,opens
7708,opens,opens
2528,opens,opens
6642,opens,opens
6530,opens,opens
7043,opens,opens
3027,opens,opens
2955,opens,fails
6333,opens,opens
5494,opens,opens
4073,opens,opens
5500,opens,opens
5673,opens,opens
8179,opens,opens
3287,opens,opens
3202,opens,opens
8330,opens,opens
5321,opens,opens
3095,opens,opens
2837,opens,opens
4991,opens,opens
6415,opens,opens
8122,opens,opens
2066,opens,opens
4891,opens,opens
4801,opens,opens
3207,opens,opens
3190,opens,fails
1757,opens,opens
7291,opens,opens
4101,opens,opens
2183,opens,opens
7031,opens,opens
4613,opens,opens
7531,opens,opens
5613,opens,opens
5030,opens,opens
3841,opens,opens
7741,opens,opens
4375,opens,opens
2494,opens,opens
6749,opens,opens
2327,opens,opens
3430,opens,opens
8157,opens,opens
6467,opens,opens
1439,opens,opens
5536,opens,opens
1206,opens,opens
6989,opens,opens
6288,opens,opens
4476,opens,opens
4075,opens,opens
5245,opens,opens
6862,opens,opens
6972,opens,opens
2168,opens,opens
8632,opens,opens
6440,opens,opens
6658,opens,opens
8092,opens,opens
7918,opens,opens
2471,opens,opens
4860,opens,opens
1812,opens,opens
3188,opens,opens
6489,opens,opens
6034,opens,opens
6846,opens,opens
6557,opens,opens
8540,opens,opens
7005,opens,opens
7473,opens,opens
6011,opens,opens
2197,opens,opens
3042,opens,opens
6226,opens,opens
2635,opens,opens
1775,opens,opens
1201,opens,opens
5238,opens,opens
8511,opens,opens
4087,opens,opens
6628,opens,opens
1039,opens,opens
6148,opens,opens
2884,opens,opens
1544,opens,opens
7362,opens,opens
1732,opens,opens
1771,opens,opens
6666,opens,opens
2430,opens,opens
6193,opens,opens
4656,opens,opens
8642,opens,opens
4756,opens,opens
8831,opens,opens
7986,opens,opens
1765,opens,opens
2329,opens,opens
1315,opens,opens
8872,opens,opens
7866,opens,opens
2436,opens,opens
2209,fails,fails
8463,opens,opens
1244,opens,opens
8501,opens,opens
6958,opens,opens
7734,opens,opens
5182,opens,fails
5233,opens,opens
3463,opens,opens
1583,opens,opens
3495,opens,opens
5636,opens,opens
5097,opens,opens
8240,opens,opens
7418,opens,opens
7854,opens,opens
5838,opens,opens
3631,opens,opens
2771,opens,opens
2065,opens,opens
4636,opens,opens
5313,opens,opens
1185,opens,opens
3974,opens,opens
3450,opens,opens
8713,opens,fails
4707,opens,opens
3168,opens,opens
8852,opens,opens
4858,opens,opens
6836,opens,opens
1151,opens,opens
6768,opens,opens
5394,opens,opens
8812,opens,opens
8745,opens,opens
2385,opens,opens
4576,opens,opens
4427,opens,opens
5997,opens,opens
7012,opens,opens
2363,opens,opens
6062,opens,opens
4971,opens,opens
6508,opens,opens
2312,opens,opens
3428,opens,opens
2507,opens,opens
7320,opens,opens
8676,opens,opens
3882,opens,opens
3784,opens,opens
7455,opens,opens
3312,opens,opens
5438,opens,opens
6555,opens,opens
2847,opens,opens
7219,opens,opens
3764,opens,opens
4515,opens,opens
7079,opens,opens
2911,opens,opens
8753,opens,opens
5689,opens,opens
8526,opens,opens
3855,opens,opens
8509,opens,opens
7454,opens,opens
5311,opens,opens
2437,opens,opens
4203,opens,opens
6084,opens,opens
4270,opens,opens
8169,opens,opens
7119,opens,opens
2194,opens,opens
1464,opens,opens
5822,opens,opens
7971,opens,opens
2342,opens,opens
5917,fails,fails
7262,opens,opens
2832,opens,fails
8229,opens,opens
6952,opens,opens
3214,opens,opens
6228,fails,fails
3274,opens,opens
5421,opens,opens
6499,opens,opens
3512,opens,opens
4679,opens,opens
8019,opens,opens
1310,opens,opens
4546,opens,fails
6257,opens,opens
4169,opens,opens
3694,opens,opens
7424,opens,opens
2683,opens,opens
6019,opens,opens
1348,opens,opens
5155,opens,opens
6380,opens,opens
2196,opens,opens
2004,opens,opens
6883,opens,opens
3390,opens,opens
4260,opens,opens
5344,opens,opens
1189,opens,opens
5835,opens,opens
6269,opens,opens
8280,opens,opens
5087,opens,opens
6734,opens,opens
3695,opens,opens
4681,opens,opens
8865,opens,opens
5396,opens,opens
2833,opens,opens
4164,opens,fails
1106,opens,opens
3794,opens,opens
4165,opens,opens
1103,opens,opens
2539,opens,opens
3837,opens,opens
4490,opens,opens
2742,opens,opens
5151,opens,opens
5525,opens,opens
1971,opens,opens
4574,opens,opens
1795,opens,opens
6135,opens,opens
8898,opens,opens
5743,opens,opens
7521,opens,opens
8393,opens,opens
2063,opens,opens
3684,opens,opens
3415,opens,opens
4518,opens,opens
3265,opens,opens
7494,opens,opens
4510,opens,opens
7472,opens,opens
3010,opens,opens
7611,opens,opens
4436,opens,opens
8211,opens,opens
1489,opens,opens
2926,opens,opens
3054,opens,opens
8450,opens,opens
2774,opens,opens
6263,opens,opens
6356,opens,opens
7390,opens,fails
2217,opens,opens
6814,opens,opens
2830,opens,fails
4583,opens,opens
3465,opens,opens
7634,opens,opens
4204,opens,opens
8573,opens,opens
8387,opens,opens
8928,opens,opens
5397,opens,opens
7540,opens,opens
2003,opens,opens
7658,opens,fails
8073,opens,opens
3228,opens,fails
5498,opens,opens
4791,opens,opens
7122,opens,opens
7603,opens,opens
7759,opens,opens
1444,opens,opens
7546,opens,opens
6383,opens,opens
7863,opens,opens
8484,opens,opens
8677,opens,opens
6431,opens,opens
5946,opens,opens
2788,opens,opens
4180,opens,opens
3273,opens,opens
6370,opens,opens
4677,opens,opens
6350,opens,opens
2893,opens,opens
5649,opens,opens
1586,opens,opens
4998,opens,opens
4831,opens,opens
1280,opens,opens
8469,opens,opens
8202,opens,opens
8263,opens,opens
5831,opens,opens
1304,opens,opens
2714,opens,opens
2474,opens,opens
3994,opens,opens
5141,opens,opens
1434,opens,fails
7697,opens,opens
3862,opens,opens
8069,opens,opens
4913,opens,opens
1893,opens,opens
7864,opens,opens
4523,opens,opens
2895,opens,opens
6092,opens,opens
6443,opens,opens
8789,opens,opens
2190,opens,opens
4155,opens,opens
5013,opens,opens
1562,opens,opens
1320,opens,opens
4508,opens,fails
1760,opens,opens
6944,opens,opens
3707,opens,fails
4362,opens,opens
2901,opens,opens
8842,opens,opens
5562,opens,opens
7889,opens,opens
7191,opens,opens
7139,opens,opens
8334,opens,opens
4146,opens,opens
2122,opens,opens
8839,opens,fails
4397,opens,opens
1873,opens,opens
4315,opens,opens
7952,opens,opens
1118,opens,opens
7777,opens,opens
4211,opens,fails
7089,opens,opens
2394,opens,opens
7209,opens,opens
7770,opens,opens
4345,opens,opens
5841,opens,opens
5368,opens,opens
1968,opens,opens
1427,opens,opens
6913,opens,opens
3711,opens,opens
1678,opens,opens
4678,opens,opens
2677,opens,opens
4034,opens,opens
2424,opens,opens
6793,opens,opens
7778,opens,opens
7905,opens,opens
1124,opens,opens
4479,opens,opens
6856,opens,opens
1991,opens,opens
5657,opens,opens
5207,opens,opens
5061,opens,opens
3436,opens,opens
1630,opens,opens
1467,fails,fails
8957,opens,opens
4303,opens,opens
4844,opens,opens
1344,opens,opens
5364,opens,opens
5582,opens,opens
7025,opens,opens
3847,opens,opens
4935,opens,fails
3937,opens,opens
4850,opens,opens
4663,opens,opens
3459,opens,opens
6915,opens,opens
1740,opens,opens
8302,opens,opens
8978,opens,opens
1681,opens,opens
5004,opens,opens
4167,opens,opens
4603,opens,opens
1423,opens,opens
4670,opens,opens
1273,opens,opens
2027,opens,opens
1816,opens,opens
3868,opens,opens
8106,opens,opens
8344,opens,fails
3052,opens,opens
8150,opens,opens
8653,opens,opens
4086,opens,opens
4210,opens,opens
8421,opens,fails
6546,opens,opens
4715,opens,opens
8503,opens,opens
6123,opens,opens
1343,opens,fails
6080,opens,opens
7002,opens,opens
1833,opens,opens
3173,opens,opens
2252,opens,opens
6982,opens,fails
3411,opens,opens
3130,opens,opens
4619,opens,fails
6040,opens,opens
4192,opens,opens
4718,opens,opens
5568,opens,opens
3263,opens,opens
6875,opens,opens
3560,opens,opens
1019,opens,opens
3588,opens,opens
1466,opens,opens
7877,opens,opens
8163,opens,opens
3121,opens,opens
3311,opens,opens
8672,opens,opens
8413,opens,opens
1477,opens,opens
2398,opens,opens
6022,opens,opens
6094,opens,opens
7834,opens,opens
2454,opens,opens
7689,opens,opens
1534,opens,opens
1100,opens,opens
7382,opens,opens
1271,opens,opens
1307,opens,fails
7322,opens,opens
6353,opens,opens
3554,opens,opens
1428,opens,opens
7721,opens,opens
2062,opens,opens
2130,opens,opens
7919,opens,opens
5101,opens,opens
6912,opens,opens
5723,opens,opens
6231,opens,opens
7365,opens,fails
3969,opens,opens
4729,opens,opens
8645,opens,opens
3093,opens,opens
4173,opens,opens
3982,opens,fails
6490,opens,opens
4328,opens,opens
5485,opens,opens
2227,opens,opens
2823,opens,opens
7536,opens,opens
2923,opens,opens
1145,opens,opens
5187,opens,opens
4593,opens,opens
8212,opens,opens
5257,opens,opens
8331,opens,opens
4153,opens,opens
4975,opens,opens
1035,opens,opens
4368,opens,opens
5844,opens,opens
5652,opens,opens
4136,opens,opens
2919,opens,opens
7239,opens,opens
3626,opens,opens
5477,opens,opens
3962,opens,opens
4283,opens,fails
4031,opens,opens
7120,opens,opens
6746,opens,opens
1209,opens,opens
5911,opens,opens
3617,opens,opens
5365,opens,opens
4314,opens,opens
4363,opens,opens
1432,opens,opens
4607,opens,opens
7143,opens,opens
1783,opens,opens
5630,opens,opens
7524,opens,opens
2701,opens,opens
4650,opens,opens
1276,opens,opens
5424,opens,opens
4024,opens,opens
4990,opens,opens
2763,opens,opens
5293,opens,opens
5999,opens,opens
7066,opens,opens
7538,opens,opens
8621,opens,opens
4805,opens,opens
2114,opens,fails
4696,opens,opens
1842,opens,fails
2838,opens,opens
6256,opens,opens
6780,opens,opens
2890,opens,opens
5489,opens,opens
8368,opens,opens
8968,opens,opens
6410,opens,opens
1463,opens,opens
6377,opens,opens
2648,opens,opens
7435,opens,opens
6236,opens,opens
8965,opens,opens
7092,opens,opens
5603,opens,opens
8590,opens,opens
8274,opens,opens
7710,opens,opens
5470,opens,opens
3262,opens,opens
3792,opens,opens
7155,opens,opens
5297,opens,opens
5005,opens,opens
2220,opens,opens
8189,opens,opens
8262,opens,opens
8668,opens,opens
2426,opens,opens
2769,opens,opens
5789,opens,opens
7347,opens,opens
4421,opens,opens
5810,opens,opens
7550,opens,opens
6329,opens,opens
2311,opens,opens
1805,opens,opens
7547,opens,opens
5193,opens,opens
6140,opens,opens
1769,opens,opens
6886,opens,opens
1328,opens,opens
8524,opens,opens
6436,opens,opens
1340,opens,opens
1033,opens,opens
6531,opens,opens
4577,opens,opens
5186,opens,opens
4836,fails,fails
7281,opens,opens
4699,opens,opens
7310,opens,opens
7101,opens,opens
4687,opens,fails
1311,opens,opens
6204,opens,opens
2476,opens,opens
8076,opens,opens
2235,opens,opens
4230,opens,opens
8319,opens,opens
8837,opens,opens
1835,opens,opens
5727,opens,opens
8487,opens,opens
2567,opens,opens
2726,opens,opens
8598,opens,opens
5495,opens,opens
7946,opens,opens
3851,opens,opens
7615,opens,opens
2722,opens,opens
5770,opens,fails
8167,opens,opens
3269,opens,fails
7061,fails,fails
5930,opens,opens
2520,opens,opens
8881,opens,opens
3843,opens,opens
7558,opens,fails
4997,opens,opens
8584,opens,opens
6878,opens,opens
7622,opens,opens
8205,opens,opens
3398,fails,fails
7766,opens,opens
1809,opens,opens
7941,opens,opens
7140,opens,opens
4289,opens,opens
4564,opens,opens
7835,opens,opens
1994,opens,opens
4263,opens,opens
7951,opens,opens
5251,opens,opens
2486,opens,opens
6009,opens,opens
6001,opens,opens
8557,opens,opens
6492,opens,opens
5129,opens,opens
6997,opens,opens
5270,opens,opens
1522,opens,opens
5216,opens,opens
1624,opens,opens
3248,opens,opens
7618,opens,opens
8816,opens,opens
8778,opens,opens
5747,opens,opens
1029,opens,opens
5154,opens,opens
4077,opens,opens
7527,opens,opens
3659,opens,opens
1737,opens,opens
5776,opens,opens
6964,opens,opens
3443,opens,opens
8896,opens,opens
1863,opens,opens
8644,opens,opens
6033,opens,opens
5428,opens,opens
1392,opens,opens
7315,opens,opens
2028,fails,fails
2389,opens,opens
1889,opens,opens
1919,opens,opens
2310,opens,fails
2469,opens,opens
8570,opens,opens
3810,opens,opens
2145,opens,opens
4526,opens,opens
7990,opens,opens
3412,opens,opens
4994,opens,opens
4516,opens,opens
6720,opens,opens
3440,opens,opens
6435,opens,opens
1381,opens,opens
1503,opens,opens
1758,opens,opens
1096,opens,opens
7587,opens,opens
7023,opens,opens
1384,opens,opens
3555,opens,opens
8418,opens,opens
8806,opens,opens
4097,opens,opens
8631,opens,opens
4741,opens,fails
5128,opens,opens
8710,opens,opens
5153,opens,opens
1278,opens,opens
4337,opens,opens
5566,opens,opens
7019,opens,opens
4944,opens,opens
4382,opens,opens
5473,opens,opens
2018,opens,opens
3125,fails,fails
2815,opens,opens
5739,opens,opens
3360,opens,opens
2988,opens,opens
2858,opens,opens
6860,opens,opens
4763,opens,opens
4236,opens,opens
5992,opens,opens
4582,opens,opens
3476,opens,opens
7786,opens,opens
4074,opens,opens
7370,opens,opens
7324,opens,opens
2137,opens,opens
4757,opens,opens
6341,opens,opens
6675,opens,opens
5991,opens,opens
8370,opens,opens
5874,opens,opens
1402,opens,opens
3595,opens,opens
2306,opens,opens
7643,opens,opens
8258,opens,opens
4379,opens,opens
5790,opens,fails
3547,opens,opens
4367,opens,opens
4893,opens,opens
2640,opens,opens
1063,opens,opens
1176,opens,opens
8544,opens,fails
2695,opens,opens
7763,opens,opens
4039,opens,opens
7030,opens,opens
3068,opens,opens
2765,opens,opens
5032,opens,opens
4691,opens,opens
3557,opens,opens
2487,opens,opens
1109,opens,opens
6164,opens,opens
1452,opens,opens
1379,opens,opens
6258,opens,opens
4736,opens,opens
2794,opens,opens
2905,opens,opens
8456,opens,opens
1117,opens,fails
1640,opens,opens
5628,opens,opens
4224,opens,opens
1003,opens,opens
3245,opens,opens
1869,opens,opens
1700,opens,fails
3987,opens,opens
8124,opens,opens
1615,opens,opens
2498,opens,opens
6267,opens,opens
8273,opens,opens
4503,opens,opens
3911,opens,opens
4369,opens,opens
4946,opens,opens
2779,opens,opens
4407,opens,opens
4974,opens,fails
6029,opens,opens
1317,opens,opens
4282,opens,opens
1556,opens,opens
6545,opens,opens
1420,opens,opens
5589,opens,opens
7403,opens,opens
3766,opens,opens
5406,opens,opens
4231,opens,opens
8128,opens,opens
1372,opens,opens
4609,opens,opens
3317,opens,opens
5928,opens,opens
3067,opens,opens
4114,opens,opens
7177,opens,opens
7475,opens,opens
4076,opens,opens
1283,opens,opens
3165,opens,opens
7570,opens,opens
5326,opens,opens
7659,opens,fails
6378,opens,opens
4710,opens,opens
6711,opens,opens
4806,opens,opens
3721,opens,opens
3365,opens,opens
1940,opens,opens
7956,opens,opens
5383,opens,opens
2100,opens,opens
6342,opens,opens
5783,opens,opens
1042,opens,opens
6515,opens,opens
5228,opens,opens
5539,opens,opens
6784,opens,opens
4412,opens,opens
4669,opens,opens
1965,opens,opens
2228,opens,opens
7330,opens,opens
7727,opens,opens
5038,opens,opens
3637,opens,opens
8991,opens,opens
5250,opens,opens
3229,opens,fails
2576,opens,opens
4639,opens,opens
2682,opens,opens
3833,opens,opens
6144,opens,opens
3337,opens,opens
4456,opens,opens
1045,opens,opens
6566,opens,opens
6748,opens,opens
6826,opens,opens
5631,opens,opens
7910,opens,opens
5023,opens,opens
3494,opens,fails
1079,opens,fails
7224,opens,opens
3414,opens,opens
4055,opens,opens
6006,opens,opens
8615,opens,opens
1555,opens,opens
1607,opens,opens
1002,opens,opens
4156,opens,opens
7699,opens,opens
1548,opens,opens
8743,opens,opens
5780,opens,opens
8563,opens,opens
8603,opens,opens
7307,opens,opens
5779,opens,opens
5167,opens,opens
8013,opens,opens
7145,opens,fails
2626,opens,opens
5737,opens,opens
4332,opens,opens
2669,opens,opens
1977,opens,opens
8684,opens,opens
4008,opens,fails
2860,opens,opens
4468,opens,opens
6646,opens,opens
8004,opens,opens
2446,opens,opens
8617,opens,opens
8338,opens,opens
5108,opens,opens
7867,opens,opens
8772,opens,opens
5759,opens,opens
6782,opens,opens
6340,opens,opens
1986,opens,opens
4897,opens,opens
5053,opens,opens
2253,opens,opens
1387,opens,opens
3239,opens,opens
4194,opens,opens
8703,opens,opens
5384,opens,opens
5507,opens,opens
5965,opens,fails
7693,opens,opens
6559,opens,opens
1688,opens,opens
7802,opens,fails
5916,opens,opens
3377,opens,opens
3280,opens,opens
4430,opens,opens
6613,opens,opens
6632,opens,opens
4245,opens,opens
2791,opens,opens
6030,opens,opens
3787,opens,opens
5496,opens,opens
3625,opens,opens
7584,opens,opens
8924,opens,opens
5638,opens,opens
3670,opens,opens
6192,opens,opens
6678,opens,fails
5577,opens,opens
7694,opens,opens
4000,opens,opens
3014,opens,opens
7870,opens,opens
8984,opens,opens
8147,opens,opens
4958,opens,opens
